album,filename,duration,bpm,onset_rate,danceability,key,scale,key_strength,chords_changes_rate,chords_number_rate,hpcp_entropy,tuning_frequency,average_loudness,dynamic_complexity,spectral_centroid_mean,spectral_centroid_stdev,spectral_complexity_mean,spectral_energy_mean,spectral_rolloff_mean,spectral_flux_mean,dissonance_mean,zerocrossingrate_mean,mirex_mood_passionate_rousing_confident_boisterous_rowdy,mirex_mood_rollicking_cheerful_fun_sweet_amiable_good_natured,mirex_mood_literate_poignant_wistful_bittersweet_autumnal_brooding,mirex_mood_humorous_silly_campy_quirky_whimsical_witty_wry,mirex_mood_aggressive_fiery_tense_anxious_intense_volatile_visceral,jamendo_alternative,jamendo_ambient,jamendo_atmospheric,jamendo_chillout,jamendo_classical,jamendo_dance,jamendo_downtempo,jamendo_easylistening,jamendo_electronic,jamendo_experimental,jamendo_folk,jamendo_funk,jamendo_hiphop,jamendo_house,jamendo_indie,jamendo_instrumentalpop,jamendo_jazz,jamendo_lounge,jamendo_metal,jamendo_newage,jamendo_orchestral,jamendo_pop,jamendo_popfolk,jamendo_poprock,jamendo_reggae,jamendo_rock,jamendo_soundtrack,jamendo_techno,jamendo_trance,jamendo_triphop,jamendo_world,jamendo_acousticguitar,jamendo_bass,jamendo_computer,jamendo_drummachine,jamendo_drums,jamendo_electricguitar,jamendo_electricpiano,jamendo_guitar,jamendo_keyboard,jamendo_piano,jamendo_strings,jamendo_synthesizer,jamendo_violin,jamendo_voice,jamendo_emotional,jamendo_energetic,jamendo_film,jamendo_happy,jamendo_relaxing,is_danceable,mood_happy,mood_sad,mood_relaxed,mood_aggressive,mood_party,mood_acoustic,mood_electronic
Vol-01 La Fiesta De Buenos Aires,26 Relíquias Porteñas.mp3,165.95591735839844,103.1964111328125,4.464494228363037,1.099381923675537,F,minor,0.6759989261627197,0.05174825340509415,0.0025174824986606836,1.5030572414398193,452.3700866699219,0.8810828328132629,2.9394240379333496,1576.8570556640625,1806.12451171875,13.745139122009277,0.020888343453407288,1938.0279541015625,0.06461231410503387,0.4493248462677002,0.061903394758701324,0.00636956375092268,0.7219647765159607,0.09869575500488281,0.16778624057769775,0.005183507222682238,0.016032222658395767,0.016683945432305336,0.0019701854325830936,0.00624927319586277,0.3318284749984741,0.0014094416983425617,0.0010033444268628955,0.02708262950181961,0.036704666912555695,0.025972969830036163,0.26792651414871216,0.0013746398035436869,0.010694583877921104,0.0011828531278297305,0.006683595012873411,0.016632938757538795,0.020457403734326363,0.0050635612569749355,0.001014375127851963,0.005719311069697142,0.02952466532588005,0.025495249778032303,0.017445001751184464,0.0024765338748693466,0.02608310990035534,0.012594111263751984,0.0433998629450798,0.0013928598491474986,0.0004625010769814253,0.0014499255921691656,0.14999191462993622,0.005368657875806093,0.01257836539298296,0.0030546672642230988,0.0026097861118614674,0.018708515912294388,0.006493539083749056,0.0023929390590637922,0.010120967403054237,0.0036378754302859306,0.07053793221712112,0.00859454832971096,0.009853852912783623,0.01917843148112297,0.013200988061726093,0.0035908918362110853,0.004885890055447817,0.016651295125484467,0.009821876883506775,0.006690641399472952,0.07132694125175476,0.558870792388916,0.2609134614467621,0.5982386469841003,0.008045178838074207,0.1017727479338646,0.6271390318870544,0.04167860746383667
Vol-01 La Fiesta De Buenos Aires,29 Milongon.mp3,169.22122192382812,101.4719009399414,3.9234540462493896,1.045623779296875,F#,major,0.8199485540390015,0.0570644736289978,0.0027434842195361853,1.488165020942688,441.5275573730469,0.484302818775177,5.022278785705566,1087.84228515625,1512.30908203125,9.95815658569336,0.01636620983481407,1371.3116455078125,0.04907567426562309,0.4120185375213623,0.04612037166953087,0.010582695715129375,0.6593657732009888,0.19590559601783752,0.12523050606250763,0.008915121667087078,0.04987303167581558,0.034541159868240356,0.006074549164623022,0.013460587710142136,0.40898096561431885,0.004097007215023041,0.003974058665335178,0.04987940564751625,0.07106907665729523,0.0673709288239479,0.27704495191574097,0.0036582928150892258,0.0126281613484025,0.0038769575767219067,0.016436003148555756,0.026816563680768013,0.03820688650012016,0.012036126106977463,0.002295813523232937,0.016574101522564888,0.039574526250362396,0.0761401578783989,0.03622572124004364,0.006647655740380287,0.014938035979866982,0.021144317463040352,0.07010586559772491,0.004085194319486618,0.0015629520639777184,0.0038117188960313797,0.18890008330345154,0.013412371277809143,0.020653249695897102,0.007700290996581316,0.004848257638514042,0.029114708304405212,0.01502426527440548,0.005430035293102264,0.020966049283742905,0.0075166537426412106,0.09933068603277206,0.021998150274157524,0.022093679755926132,0.03807041794061661,0.023267464712262154,0.009979739785194397,0.010180034674704075,0.02456854283809662,0.018381206318736076,0.014215433038771152,0.027414515614509583,0.36959967017173767,0.2636038661003113,0.5409314036369324,0.0019055388402193785,0.030788522213697433,0.7551319003105164,0.04652094468474388
Vol-03 La Fiesta De Buenos Aires,26 El Temblor.mp3,124.91754913330078,110.8902359008789,4.010086536407471,1.108481526374817,Eb,major,0.8443748354911804,0.06577480584383011,0.005202527157962322,1.5146044492721558,440.0,0.7087277770042419,5.1822190284729,1029.01220703125,2068.918212890625,7.022858142852783,0.017883557826280594,1357.522705078125,0.05715465545654297,0.35988375544548035,0.04459765553474426,0.008193252608180046,0.4094007909297943,0.23551131784915924,0.3411644995212555,0.00573007483035326,0.03194062411785126,0.02354639582335949,0.0029977532103657722,0.006730192340910435,0.29814597964286804,0.003904516575857997,0.0015677432529628277,0.024474842473864555,0.06151609122753143,0.05280613154172897,0.13722935318946838,0.004972938448190689,0.009231784380972385,0.0029009978752583265,0.016099106520414352,0.02755100280046463,0.11350809037685394,0.00978296808898449,0.0011895585339516401,0.007284410763531923,0.022741833701729774,0.09811816364526749,0.014520702883601189,0.005242759361863136,0.00663210591301322,0.016961626708507538,0.04194129630923271,0.0027956292033195496,0.0006818575202487409,0.0024507897906005383,0.088847815990448,0.005883186124265194,0.02882971800863743,0.004808342084288597,0.0037763521540910006,0.04306361824274063,0.016171248629689217,0.0048164608888328075,0.013184361159801483,0.006391134113073349,0.09004133194684982,0.009935017675161362,0.018138300627470016,0.015869906172156334,0.02600688859820366,0.004608553368598223,0.008039307780563831,0.013741127215325832,0.010934809222817421,0.007454042322933674,0.03557831048965454,0.18627452850341797,0.5149413347244263,0.9919654130935669,0.00892315898090601,0.01640808768570423,0.761178731918335,0.09868000447750092
Vol-04 La Fiesta De Buenos Aires,26 Zorzal.mp3,162.95184326171875,99.8785629272461,3.6509954929351807,1.003350019454956,G,minor,0.7421599626541138,0.08404558151960373,0.003703703638166189,1.6067280769348145,444.3418884277344,0.6552395820617676,5.641695022583008,1434.14208984375,1665.6923828125,11.28123664855957,0.014910263940691948,1864.3153076171875,0.056347981095314026,0.4283251166343689,0.060011982917785645,0.02256612665951252,0.36033210158348083,0.3848705589771271,0.21529655158519745,0.016934769228100777,0.024312986060976982,0.00847716350108385,0.000963736092671752,0.003330583916977048,0.2521688640117645,0.001600937219336629,0.0007023466750979424,0.01743355579674244,0.022058852016925812,0.017916260287165642,0.2542511522769928,0.0012310618767514825,0.005974446889013052,0.0011101908748969436,0.010971225798130035,0.008352079428732395,0.012249494902789593,0.0029352286364883184,0.0008042488479986787,0.0031054322607815266,0.010393471457064152,0.1301800012588501,0.03460846468806267,0.0058021689765155315,0.014361605048179626,0.01635134033858776,0.018285900354385376,0.0011671514948830009,0.0004029470437671989,0.0009042466408573091,0.09570746123790741,0.007275515701621771,0.011514028534293175,0.0022299166303128004,0.001760864513926208,0.02355288900434971,0.009037455543875694,0.002081250539049506,0.0077413409017026424,0.003927609883248806,0.05721430853009224,0.00794331543147564,0.008082794956862926,0.01955099031329155,0.01617923192679882,0.0026536460500210524,0.004462025128304958,0.006237080320715904,0.00783034972846508,0.003172894474118948,0.008695744909346104,0.20091266930103302,0.5534422397613525,0.7527832388877869,0.00754085136577487,0.17579950392246246,0.6316989660263062,0.02013266272842884
Vol-04 La Fiesta De Buenos Aires,27 Pena Mulata.mp3,147.95755004882812,106.04434204101562,3.899461269378662,1.029761552810669,Bb,minor,0.7804360389709473,0.04267336055636406,0.0021964230109006166,1.6761095523834229,431.19390869140625,0.6222109794616699,5.1536760330200195,1574.7978515625,1801.3582763671875,11.81704044342041,0.012039942666888237,2101.776611328125,0.05362851172685623,0.4461936354637146,0.06705129146575928,0.030522091314196587,0.4391251504421234,0.2590699791908264,0.24092552065849304,0.030357282608747482,0.04268251731991768,0.025503767654299736,0.003446495160460472,0.012644687667489052,0.5128247141838074,0.003512338502332568,0.0021130088716745377,0.05009946599602699,0.03368298336863518,0.04323437437415123,0.16938959062099457,0.003923435695469379,0.020993823185563087,0.00303727388381958,0.018323633819818497,0.02682746946811676,0.06785648316144943,0.009741314686834812,0.001971099991351366,0.009092102758586407,0.04154820740222931,0.089882031083107,0.04915597662329674,0.007059160154312849,0.015951577574014664,0.029349688440561295,0.05522316321730614,0.0025562490336596966,0.0007753369281999767,0.002718393225222826,0.14199404418468475,0.015263897366821766,0.0292243380099535,0.007153631653636694,0.004659916274249554,0.051162321120500565,0.014541123062372208,0.006058263126760721,0.020520508289337158,0.010407074354588985,0.17482228577136993,0.020356642082333565,0.01755184307694435,0.03601659834384918,0.028726741671562195,0.009330340661108494,0.008856363594532013,0.02488791011273861,0.027137640863656998,0.009747127071022987,0.10359157621860504,0.30959203839302063,0.34233012795448303,0.5986281633377075,0.027448313310742378,0.18901099264621735,0.21026457846164703,0.165290966629982
Vol-04 La Fiesta De Buenos Aires,28 La Mulateada.mp3,143.49061584472656,107.30049133300781,3.553736448287964,1.093627691268921,F,minor,0.7762555480003357,0.06049821898341179,0.002911678981035948,1.6807973384857178,446.3999328613281,0.6760857105255127,6.039905548095703,1510.940673828125,1819.2159423828125,10.741142272949219,0.011977696791291237,2015.983154296875,0.05052971839904785,0.43951091170310974,0.06285043060779572,0.01226772554218769,0.38692089915275574,0.26292547583580017,0.3273179233074188,0.010567931458353996,0.01146409846842289,0.007753217127174139,0.0010158285731449723,0.0034659323282539845,0.2037382423877716,0.0016430215910077095,0.0006846126052550972,0.014035116881132126,0.017865575850009918,0.013066329061985016,0.2387239933013916,0.0014352885773405433,0.00608182093128562,0.001207471126690507,0.0068189301528036594,0.004977114498615265,0.02399486117064953,0.0027964080218225718,0.0007781769963912666,0.00208238884806633,0.00994456559419632,0.1452275961637497,0.017261624336242676,0.004014940932393074,0.011966558173298836,0.01269414834678173,0.02369835413992405,0.0010959997307509184,0.0004043595399707556,0.0008326707175001502,0.1099451333284378,0.004936741665005684,0.019377535209059715,0.002135511487722397,0.0017988333711400628,0.03854350373148918,0.01098632998764515,0.002063942141830921,0.005635915324091911,0.004398730117827654,0.07291439175605774,0.007263324689120054,0.008282981812953949,0.016254505142569542,0.016530873253941536,0.002285520313307643,0.004467238672077656,0.005868353880941868,0.007595006376504898,0.0023839185014367104,0.05273127928376198,0.29430291056632996,0.5620558261871338,0.8611404299736023,0.011275104247033596,0.17056162655353546,0.5336112380027771,0.009231587871909142
Vol-04 La Fiesta De Buenos Aires,29 Cuando Un Viejo Se Enamora.mp3,128.0,100.38288116455078,4.069943428039551,1.025680422782898,C,major,0.7057564854621887,0.10297317057847977,0.006163886748254299,1.5503000020980835,444.5986328125,0.49884161353111267,5.806720733642578,1256.76171875,1621.381103515625,9.961915016174316,0.016301898285746574,1639.054931640625,0.055903561413288116,0.42372262477874756,0.05273747444152832,0.030717721208930016,0.28235480189323425,0.24635562300682068,0.42689773440361023,0.013673967681825161,0.052116453647613525,0.011774475686252117,0.0013764147879555821,0.003964556381106377,0.31345808506011963,0.0027434073854237795,0.0009514925768598914,0.020798210054636,0.03658228740096092,0.03087967075407505,0.2276124656200409,0.002451481530442834,0.016603482887148857,0.0015824256697669625,0.02542838640511036,0.012392150238156319,0.014472641050815582,0.004367821384221315,0.0010723340092226863,0.004296104423701763,0.01591445691883564,0.14517290890216827,0.06835037469863892,0.010087707079946995,0.06048642843961716,0.03186313807964325,0.026404358446598053,0.0022283007856458426,0.0004876163729932159,0.0017757712630555034,0.0893339142203331,0.011446577496826649,0.020494958385825157,0.0039473664946854115,0.003100538859143853,0.04036061465740204,0.014650510624051094,0.002754955319687724,0.011641835793852806,0.006760434713214636,0.08247000724077225,0.013683483935892582,0.009477844461798668,0.03165663033723831,0.031337618827819824,0.0038179876282811165,0.007778631057590246,0.011259017512202263,0.01414551492780447,0.004359950311481953,0.04633377492427826,0.3167364299297333,0.519451916217804,0.9021949172019958,0.005073839798569679,0.17085210978984833,0.6963128447532654,0.026502754539251328
Vol-05 La Fiesta De Buenos Aires,26 No Hay Tierra Como La Mia.mp3,162.97796630859375,103.60430145263672,4.82844352722168,1.3097665309906006,Eb,minor,0.818102240562439,0.05639418959617615,0.0022785530891269445,1.4843562841415405,434.4440002441406,0.900446355342865,3.3780367374420166,1011.3309936523438,1800.2181396484375,10.274216651916504,0.019599612802267075,1377.77783203125,0.0652199313044548,0.4043925404548645,0.04562675207853317,0.005421991925686598,0.6139366626739502,0.1832919418811798,0.19161878526210785,0.0057306368835270405,0.029248381033539772,0.024606304243206978,0.002200130373239517,0.005869726650416851,0.561130940914154,0.0020735326688736677,0.0009984438074752688,0.0362466461956501,0.03313564881682396,0.03057258389890194,0.22750157117843628,0.0012047290802001953,0.005253648851066828,0.0013221782865002751,0.009853473864495754,0.018335435539484024,0.03595016151666641,0.005943947937339544,0.0008861643727868795,0.011205115355551243,0.034700386226177216,0.06690729409456253,0.028083430603146553,0.0034433307591825724,0.004494556691497564,0.010520968586206436,0.04527483135461807,0.0016595115885138512,0.0006623037625104189,0.0011967165628448129,0.14682656526565552,0.009262502193450928,0.01063503697514534,0.003457933198660612,0.002288507530465722,0.01860194467008114,0.007054859306663275,0.0029195542447268963,0.012307915836572647,0.0038234104868024588,0.10295680910348892,0.021547067910432816,0.011259018443524837,0.03022565133869648,0.01563035324215889,0.005750705953687429,0.005135932005941868,0.01809302717447281,0.009150194935500622,0.009062526747584343,0.014570158906280994,0.13804183900356293,0.35789889097213745,0.8625930547714233,0.007010277360677719,0.04864607751369476,0.7406119108200073,0.01620602048933506
Vol-05 La Fiesta De Buenos Aires,29 La Milonga De Buenos Aires.mp3,173.47918701171875,106.60382080078125,4.363124847412109,1.171648621559143,C#,minor,0.7668906450271606,0.047899384051561356,0.002943537663668394,1.6797826290130615,451.0654602050781,0.8474406599998474,4.119661331176758,1063.429931640625,1445.750244140625,11.897765159606934,0.017874209210276604,1342.2633056640625,0.06131412833929062,0.428061842918396,0.04603637009859085,0.009351027198135853,0.5957460999488831,0.16130830347537994,0.22872082889080048,0.0048738811165094376,0.041202887892723083,0.022308869287371635,0.001983601599931717,0.0058466712944209576,0.5496700406074524,0.001642333809286356,0.0007360778981819749,0.0316980741918087,0.02832038700580597,0.04170005023479462,0.2629120349884033,0.0014431651216000319,0.010144451633095741,0.0015874174423515797,0.009343037381768227,0.015819551423192024,0.03434321656823158,0.004869602154940367,0.0007255417876876891,0.007640663534402847,0.026631368324160576,0.033396460115909576,0.041601791977882385,0.0020896997302770615,0.02518855407834053,0.007887912914156914,0.04060843214392662,0.0020136588718742132,0.0005921472329646349,0.0013085055397823453,0.1660301387310028,0.00956849753856659,0.01146981492638588,0.003940613474696875,0.0019055540906265378,0.01968405768275261,0.00664305267855525,0.0023093700874596834,0.010931592434644699,0.003548511303961277,0.12443962693214417,0.015438004396855831,0.008796575479209423,0.03394588083028793,0.022309081628918648,0.006349281873553991,0.005311505403369665,0.020417705178260803,0.010833890177309513,0.009557492099702358,0.06370192766189575,0.441056489944458,0.3636325001716614,0.6906155943870544,0.000268096657237038,0.049139074981212616,0.7833980917930603,0.029385237023234367
Vol-06 La Fiesta De Buenos Aires,26 En Lo de Laura.mp3,142.68081665039062,99.30154418945312,3.6160225868225098,1.0635360479354858,D,minor,0.8349495530128479,0.08165256679058075,0.0039037084206938744,1.4733173847198486,453.1546630859375,0.6871582269668579,5.279083728790283,909.5921630859375,1959.8135986328125,8.007322311401367,0.01672331616282463,1318.235595703125,0.052246589213609695,0.3664487600326538,0.04202595353126526,0.005437477491796017,0.3032863438129425,0.33764171600341797,0.3485468327999115,0.005087609402835369,0.026091163977980614,0.01358904130756855,0.0018124148482456803,0.004605159629136324,0.31572404503822327,0.0029187083709985018,0.0009994187857955694,0.02323882281780243,0.03480171784758568,0.020596321672201157,0.14190328121185303,0.0022558760829269886,0.00646165432408452,0.002075537107884884,0.01583399996161461,0.010541054420173168,0.01679963991045952,0.0037471589166671038,0.001216298434883356,0.0042277975007891655,0.024508535861968994,0.13854898512363434,0.027384959161281586,0.00767474714666605,0.012701543048024178,0.018127165734767914,0.04013575613498688,0.0017621724400669336,0.0005694855353794992,0.0013034376315772533,0.08280736953020096,0.006680037826299667,0.01626206934452057,0.0033327541314065456,0.002498601097613573,0.03924129158258438,0.013277528807520866,0.0026801028288900852,0.010677008889615536,0.005947195924818516,0.05424245819449425,0.015876110643148422,0.015703415498137474,0.023307591676712036,0.02316649630665779,0.00411316379904747,0.006135782226920128,0.013357973657548428,0.012682662345468998,0.0041528427973389626,0.005853652488440275,0.06759164482355118,0.7591952681541443,0.9835754632949829,0.00778924347832799,0.02175307087600231,0.814219057559967,0.022315263748168945
Vol-06 La Fiesta De Buenos Aires,28 Entre Copa y Copa.mp3,150.62203979492188,100.83885192871094,3.989658832550049,1.0791215896606445,G,major,0.7117242813110352,0.07642526924610138,0.003389830468222499,1.5132019519805908,449.7646484375,0.8045591115951538,4.677943706512451,1088.7825927734375,1907.82861328125,9.678329467773438,0.0177248977124691,1445.88037109375,0.05808226019144058,0.4124250113964081,0.04614460840821266,0.008997393772006035,0.5469563603401184,0.20751845836639404,0.227887362241745,0.008640341460704803,0.023104023188352585,0.014430259354412556,0.0015130271203815937,0.004939815029501915,0.6383037567138672,0.0017207582714036107,0.0008318451000377536,0.029210539534687996,0.02047683484852314,0.024545595049858093,0.2819650173187256,0.0012425302993506193,0.010615924373269081,0.001250535948202014,0.007293381728231907,0.013230460695922375,0.022864287719130516,0.004027135204523802,0.00098304427228868,0.006594253238290548,0.031242020428180695,0.03532805293798447,0.036849986761808395,0.002653328236192465,0.011733802035450935,0.009324094280600548,0.040284670889377594,0.0013685149606317282,0.0004937484627589583,0.001114275655709207,0.16192880272865295,0.007758806459605694,0.010720272548496723,0.003165280446410179,0.0019409130327403545,0.01819203794002533,0.004724657628685236,0.0020991754718124866,0.010548456571996212,0.0036675434093922377,0.12392883002758026,0.016230428591370583,0.008843996562063694,0.03615720942616463,0.018108854070305824,0.005003945901989937,0.005363300442695618,0.022204158827662468,0.011245586909353733,0.006968593690544367,0.02402026578783989,0.2245277762413025,0.4908786416053772,0.8452320098876953,0.014620031230151653,0.08463753759860992,0.7170248627662659,0.004523863084614277
Vol-06 La Fiesta De Buenos Aires,29 Porque Me Siento Feliz.mp3,152.16326904296875,101.40103149414062,4.087169170379639,1.0839030742645264,C,minor,0.7419466972351074,0.07107992470264435,0.003660768736153841,1.5400110483169556,450.02447509765625,0.8409758806228638,4.380566120147705,1090.44580078125,1481.3404541015625,11.363387107849121,0.017960654571652412,1443.69287109375,0.06293722987174988,0.41684526205062866,0.04815816134214401,0.01077067106962204,0.4758540093898773,0.21890635788440704,0.28822633624076843,0.006242693867534399,0.0313788503408432,0.013337555341422558,0.0013341574231162667,0.0054578171111643314,0.5101213455200195,0.0017984022852033377,0.0008310258272103965,0.030304940417408943,0.02260608598589897,0.02644435130059719,0.289946585893631,0.0014195324620231986,0.012243512086570263,0.0012172767892479897,0.011995553970336914,0.014129558578133583,0.020527593791484833,0.0044418987818062305,0.0008916300139389932,0.005005236715078354,0.026570439338684082,0.05726322904229164,0.03911953419446945,0.00426709046587348,0.0163686852902174,0.015163912437856197,0.04039900377392769,0.001461937208659947,0.0003575545269995928,0.001288144034333527,0.13680356740951538,0.010181229561567307,0.0150759881362319,0.0038965740241110325,0.002245537471026182,0.03134338930249214,0.007780682295560837,0.0024479199200868607,0.011761796660721302,0.004382551182061434,0.09578247368335724,0.01770627871155739,0.009490875527262688,0.03596259281039238,0.021988561376929283,0.004673232324421406,0.006508542224764824,0.018780848011374474,0.010889962315559387,0.005472931079566479,0.018438324332237244,0.27888232469558716,0.6336431503295898,0.9643722176551819,0.00037040794268250465,0.06322290748357773,0.6688696146011353,0.011916331946849823
Vol-09 La Fiesta De Buenos Aires,27 Con Toda La Voz Que Tengo.mp3,149.73387145996094,112.64385986328125,3.9533746242523193,1.0862946510314941,D,major,0.8676583766937256,0.0703657791018486,0.0030998140573501587,1.5492199659347534,450.28448486328125,0.8036739826202393,4.214046001434326,1006.5155639648438,1856.22509765625,9.883721351623535,0.017964325845241547,1313.610107421875,0.05784285068511963,0.41155004501342773,0.0430150032043457,0.0062927668914198875,0.5724316835403442,0.19556228816509247,0.22025325894355774,0.005460113752633333,0.016993805766105652,0.01553622167557478,0.0016180594684556127,0.00533668790012598,0.522585391998291,0.0017132814973592758,0.0008838910725899041,0.030055563896894455,0.02593735232949257,0.023594260215759277,0.30468547344207764,0.0014283951604738832,0.013656987808644772,0.0014433328760787845,0.006892937235534191,0.011808069422841072,0.027611149474978447,0.005011535715311766,0.0008422307437285781,0.0050851814448833466,0.03141728416085243,0.03440672159194946,0.029723679646849632,0.0026657539419829845,0.015245847404003143,0.00978858396410942,0.03700220212340355,0.0014223619364202023,0.0004654964723158628,0.001222552265971899,0.12898032367229462,0.00721889128908515,0.014073197729885578,0.0033497081603854895,0.002258191118016839,0.021443236619234085,0.006111667957156897,0.002418592805042863,0.010261720977723598,0.0035667174961417913,0.12284480780363083,0.013598076067864895,0.007196924649178982,0.02529241517186165,0.015894591808319092,0.004739022813737392,0.006186871789395809,0.01875603385269642,0.012195327319204807,0.00644217012450099,0.015337474644184113,0.37592023611068726,0.483242392539978,0.8196375966072083,0.007492757402360439,0.07766162604093552,0.7213420867919922,0.004628353286534548
Vol-09 La Fiesta De Buenos Aires,28 Mano Brava.mp3,144.48326110839844,113.98951721191406,4.567544460296631,1.0710192918777466,C,major,0.8782777786254883,0.07773851603269577,0.004497269634157419,1.5779057741165161,447.9497375488281,0.6490501761436462,5.11769962310791,1215.2808837890625,1812.506103515625,11.198103904724121,0.014086215756833553,1648.083984375,0.05376092717051506,0.4345279932022095,0.05267561599612236,0.007473886013031006,0.6945493817329407,0.10301082581281662,0.1867930144071579,0.00817299634218216,0.020237499848008156,0.016890302300453186,0.0017472089966759086,0.006113899871706963,0.6726778149604797,0.0024515290278941393,0.0008738299366086721,0.033753205090761185,0.030073067173361778,0.023636851459741592,0.204931378364563,0.0016337003326043487,0.007796431425958872,0.001770347123965621,0.010584371164441109,0.00863170437514782,0.014715124852955341,0.004263186361640692,0.0012327986769378185,0.00663711316883564,0.041302792727947235,0.0572885200381279,0.032102856785058975,0.004169080872088671,0.014236400835216045,0.014980975538492203,0.05981291085481644,0.0015317036304622889,0.0006309797172434628,0.0010707448236644268,0.11621063202619553,0.007677263580262661,0.015394343063235283,0.0034967768006026745,0.002378070028498769,0.02672034129500389,0.00986326951533556,0.0030464977025985718,0.010128378868103027,0.0048677208833396435,0.13281698524951935,0.023699186742305756,0.009149492718279362,0.04010675475001335,0.02096228115260601,0.007149479351937771,0.008002622053027153,0.02209828421473503,0.02004031091928482,0.007009027060121298,0.022644685581326485,0.24959762394428253,0.364820271730423,0.8333610892295837,0.015330598689615726,0.10942067950963974,0.3883904218673706,0.013426371850073338
Vol-09 La Fiesta De Buenos Aires,29 Del Tiempo Guapo.mp3,144.58775329589844,112.26756286621094,4.073241710662842,1.078593134880066,G,major,0.8095517158508301,0.0789727121591568,0.004173354711383581,1.6563317775726318,442.0379333496094,0.7895550727844238,4.05469274520874,1187.3355712890625,1431.113037109375,12.289338111877441,0.018605990335345268,1526.831787109375,0.0628894492983818,0.4273519814014435,0.050585873425006866,0.009636358357965946,0.6204699277877808,0.15708233416080475,0.20481373369693756,0.007997523993253708,0.02550521492958069,0.0202178955078125,0.002222910290583968,0.00698831444606185,0.5721114873886108,0.0022476832382380962,0.0009572559501975775,0.035382043570280075,0.029004914686083794,0.027179421856999397,0.15515011548995972,0.0016276403330266476,0.009157679043710232,0.0013390386011451483,0.014121921733021736,0.012381174601614475,0.02521744929254055,0.006098713725805283,0.0016011070692911744,0.006104534491896629,0.04399921000003815,0.07814797013998032,0.029328955337405205,0.006709301844239235,0.0141554344445467,0.024191787466406822,0.06114669516682625,0.0017917872173711658,0.0005289395921863616,0.0013569729635491967,0.09457655251026154,0.009206353686749935,0.023368356749415398,0.0036795069463551044,0.002609259681776166,0.04239344596862793,0.012514704838395119,0.0037782771978527308,0.023396944627165794,0.006197845563292503,0.14292484521865845,0.02542124129831791,0.012287862598896027,0.0418987050652504,0.018401121720671654,0.006668569520115852,0.008712837472558022,0.019454630091786385,0.01977107860147953,0.006303047761321068,0.008125226013362408,0.16976745426654816,0.5298011302947998,0.9238646626472473,0.006204865872859955,0.11932320147752762,0.3301359713077545,0.054828375577926636
Vol-11 La Fiesta De Buenos Aires,28 Milonga Sentimental.mp3,192.60081481933594,147.4939422607422,3.1045398712158203,1.1680941581726074,F#,minor,0.8147610425949097,0.045312125235795975,0.002410219283774495,1.6704028844833374,446.6578369140625,0.8782261610031128,4.001790523529053,1202.4591064453125,1665.33154296875,11.445154190063477,0.0194251649081707,1427.406005859375,0.05893758311867714,0.4298917353153229,0.04700613394379616,0.0070789046585559845,0.39178961515426636,0.22328825294971466,0.37344983220100403,0.004393367562443018,0.032266996800899506,0.018136344850063324,0.0022282626014202833,0.006550296675413847,0.40084633231163025,0.0025548869743943214,0.0012732305331155658,0.027238551527261734,0.03845813125371933,0.035088054835796356,0.19572770595550537,0.0025546716060489416,0.024211034178733826,0.002042809035629034,0.020344141870737076,0.010885129682719707,0.021848933771252632,0.005394384264945984,0.0011658841976895928,0.0053642853163182735,0.02640991471707821,0.06821537762880325,0.04924668371677399,0.005597249139100313,0.04217812791466713,0.02306763269007206,0.047469113022089005,0.001987714320421219,0.0006532059633173048,0.0018374763894826174,0.08844423294067383,0.009614006616175175,0.022924991324543953,0.004537321627140045,0.0036041007842868567,0.03049793466925621,0.012149468995630741,0.0035810440313071012,0.014320394955575466,0.006182631477713585,0.1098242774605751,0.011932695284485817,0.010993629693984985,0.027368225157260895,0.03626749664545059,0.006102652754634619,0.008026852272450924,0.01596852019429207,0.017036737874150276,0.007625648286193609,0.017699286341667175,0.606467604637146,0.6731207966804504,0.8163652420043945,0.006286567077040672,0.14432133734226227,0.6622454524040222,0.01441869605332613
Vol-12 La Fiesta De Buenos Aires,26 Yo Soy De San Telmo.mp3,141.9232635498047,98.36392974853516,3.113913059234619,0.9971801042556763,D,minor,0.7698416709899902,0.055264879018068314,0.0032701112795621157,1.562604308128357,451.3260803222656,0.7882664203643799,4.046358585357666,1192.0400390625,1935.46337890625,11.820412635803223,0.019646478816866875,1542.25634765625,0.06398581713438034,0.4260110557079315,0.051020119339227676,0.01753675937652588,0.3278358280658722,0.4349045753479004,0.20560842752456665,0.014114543795585632,0.03303114324808121,0.016119901090860367,0.002178605878725648,0.007567884866148233,0.49003106355667114,0.002305331639945507,0.0013804195914417505,0.025142712518572807,0.026301154866814613,0.029590368270874023,0.19603660702705383,0.00197897688485682,0.026260284706950188,0.0018042231677100062,0.012447787448763847,0.01290986780077219,0.038959402590990067,0.0051704393699765205,0.0014877617359161377,0.005862664431333542,0.027305327355861664,0.050713911652565,0.03811284154653549,0.0041136001236736774,0.02106347680091858,0.015672091394662857,0.044553134590387344,0.001977589912712574,0.0006852861260995269,0.002154471119865775,0.10493066161870956,0.008200977928936481,0.018977291882038116,0.004975672345608473,0.0034115470480173826,0.030996819958090782,0.008340942673385143,0.003535512136295438,0.016736118122935295,0.005536491051316261,0.1679401695728302,0.01550446730107069,0.010507860220968723,0.030548347160220146,0.02306506410241127,0.006473572459071875,0.006817721761763096,0.019925566390156746,0.010737583041191101,0.0075342291966080666,0.02502761222422123,0.185359388589859,0.7179511189460754,0.9736328721046448,0.016322623938322067,0.053586695343256,0.6652150750160217,0.017513029277324677
Vol-12 La Fiesta De Buenos Aires,27 Rosa Morena.mp3,140.17306518554688,103.5615463256836,3.4595787525177,1.0315908193588257,C,major,0.8405406475067139,0.07450331002473831,0.003642384195700288,1.5319461822509766,447.43255615234375,0.8394632935523987,3.325063705444336,1072.936279296875,1954.056884765625,11.458927154541016,0.02119910530745983,1422.14892578125,0.06432974338531494,0.41652360558509827,0.04699452221393585,0.013067013584077358,0.3297332525253296,0.5077483654022217,0.13734515011310577,0.012105979956686497,0.03143393620848656,0.02750765159726143,0.0026293229311704636,0.012327035889029503,0.6225658655166626,0.0019563594833016396,0.0015665440587326884,0.04634064435958862,0.025073884055018425,0.02753313258290291,0.22538653016090393,0.0014211289817467332,0.01589086279273033,0.0014608685160055757,0.011041571386158466,0.01585879549384117,0.04940825700759888,0.00684691034257412,0.0010715076932683587,0.011329169385135174,0.03511730208992958,0.05563540384173393,0.0604059137403965,0.0036212776321917772,0.0076770177111029625,0.010911302641034126,0.05776241794228554,0.0013717971742153168,0.0006028267089277506,0.002183023374527693,0.09506066143512726,0.012894739396870136,0.014066535048186779,0.0042978799901902676,0.002712676301598549,0.02064477652311325,0.006757708732038736,0.004123144783079624,0.019498568028211594,0.004821719601750374,0.27722063660621643,0.019199678674340248,0.008994420059025288,0.032171882688999176,0.019441287964582443,0.010263617150485516,0.004954216536134481,0.023828433826565742,0.011478419415652752,0.014804237522184849,0.01151457242667675,0.15769539773464203,0.6603066325187683,0.9067712426185608,0.0157006923109293,0.02143843285739422,0.714926540851593,0.03569396585226059
Vol-19 La Fiesta De Buenos Aires,28 Chaparron.mp3,128.287353515625,112.44324493408203,4.294559478759766,1.1943068504333496,Bb,major,0.6778296828269958,0.07525325566530228,0.004341533873230219,1.5416892766952515,452.3700866699219,0.8811914920806885,3.75608491897583,1310.6002197265625,1964.0731201171875,12.175714492797852,0.019336404278874397,1745.9169921875,0.06704449653625488,0.430387943983078,0.055859602987766266,0.01576264388859272,0.5487534999847412,0.17856808006763458,0.23980696499347687,0.017108699306845665,0.03410051017999649,0.02574773319065571,0.0030018684919923544,0.00830673985183239,0.451749324798584,0.0035953158512711525,0.0017077624797821045,0.027280528098344803,0.04789262264966965,0.05172089487314224,0.21446706354618073,0.002994049806147814,0.03776385635137558,0.0030319844372570515,0.014848957769572735,0.014395708218216896,0.034730587154626846,0.008571057580411434,0.0016599087975919247,0.0067511508241295815,0.02681824378669262,0.04984823241829872,0.035788197070360184,0.005385325290262699,0.06020011007785797,0.01742810383439064,0.045140448957681656,0.0032903505489230156,0.0009630632121115923,0.0026894323527812958,0.14555126428604126,0.008422665297985077,0.01921272650361061,0.006691514980047941,0.0046206372790038586,0.028166379779577255,0.011445092037320137,0.004316702485084534,0.015114608220756054,0.007246523629873991,0.15640613436698914,0.013823398388922215,0.012630797922611237,0.0234261155128479,0.026312043890357018,0.005780410952866077,0.009342997334897518,0.018195193260908127,0.013819350861012936,0.007838493213057518,0.1336400806903839,0.5006531476974487,0.35235026478767395,0.8318279385566711,0.01849948614835739,0.15290476381778717,0.5499513149261475,0.12500111758708954
Vol-21 La Fiesta De Buenos Aires,27 Asi Me Gusta A Mi.mp3,169.09060668945312,100.00761413574219,3.589359998703003,1.0164011716842651,D,major,0.8122336268424988,0.08317320793867111,0.004117485601454973,1.5100622177124023,438.98455810546875,0.4202631115913391,6.860919952392578,823.9642333984375,1766.7451171875,6.801620006561279,0.014990189112722874,1149.693115234375,0.0463506355881691,0.3478102385997772,0.037605028599500656,0.006449071224778891,0.3358433246612549,0.23891638219356537,0.41277170181274414,0.00601968914270401,0.038072988390922546,0.017907436937093735,0.002343708649277687,0.005923357326537371,0.42110714316368103,0.002561083994805813,0.0014064768329262733,0.03460261598229408,0.05530771613121033,0.04232250154018402,0.1313570737838745,0.0017484179697930813,0.012560137547552586,0.0018527025822550058,0.02221124805510044,0.01261099148541689,0.021627547219395638,0.00612997030839324,0.0012497584102675319,0.006981619633734226,0.017627697438001633,0.10518147051334381,0.039029065519571304,0.005889745429158211,0.014999568462371826,0.01668969914317131,0.03533589467406273,0.0017305026995018125,0.0005931087071076035,0.0022275475785136223,0.07992050051689148,0.006162536330521107,0.015350631438195705,0.003968073520809412,0.003204560140147805,0.02601049840450287,0.014116120524704456,0.003009157022461295,0.011881554499268532,0.004970958456397057,0.10512495040893555,0.011692635715007782,0.009633615612983704,0.01705290377140045,0.023894481360912323,0.005560123827308416,0.00502137653529644,0.011939920485019684,0.012269777245819569,0.006762761157006025,0.006533809471875429,0.10503768175840378,0.8227280974388123,0.9959753155708313,0.00660549895837903,0.018182948231697083,0.8882732391357422,0.020779669284820557
Vol-21 La Fiesta De Buenos Aires,28 Compadreando.mp3,153.07754516601562,104.22991943359375,4.278552532196045,1.0206866264343262,D,minor,0.728110134601593,0.06276531517505646,0.003638568799942732,1.6532371044158936,447.43255615234375,0.749258816242218,4.6772356033325195,1230.0819091796875,1804.7127685546875,11.939338684082031,0.017468249425292015,1642.2835693359375,0.05971536412835121,0.42816221714019775,0.05293349549174309,0.014542212709784508,0.5481141805648804,0.17894347012043,0.24831968545913696,0.010080404579639435,0.0249919556081295,0.013045156374573708,0.0017007412388920784,0.006486994214355946,0.45298802852630615,0.0024572096299380064,0.001043021446093917,0.030558187514543533,0.02424071915447712,0.022040344774723053,0.250765860080719,0.001922284485772252,0.013589050620794296,0.0017753171268850565,0.01304573193192482,0.012582260183990002,0.028931299224495888,0.004895462188869715,0.0013244982110336423,0.005194352939724922,0.028771739453077316,0.07471006363630295,0.04465312883257866,0.006075193174183369,0.030185353010892868,0.017818402498960495,0.036576688289642334,0.0017017449717968702,0.0005748412222601473,0.0015258222119882703,0.13354553282260895,0.010486708022654057,0.02119053713977337,0.004173951223492622,0.0031878454610705376,0.04167693853378296,0.012217468582093716,0.0033409304451197386,0.0128732705488801,0.006055809091776609,0.11312787979841232,0.018002549186348915,0.010366122238337994,0.03216639161109924,0.027363285422325134,0.005124450661242008,0.008415109477937222,0.01694912277162075,0.013921293430030346,0.0059491731226444244,0.06087176501750946,0.34105271100997925,0.3632240295410156,0.7861388325691223,0.008553406223654747,0.09769125282764435,0.5865301489830017,0.05142588168382645
Vol-22 La Fiesta De Buenos Aires,26 De Antano.mp3,172.4865264892578,172.26589965820312,4.104322910308838,1.0281540155410767,Eb,major,0.7361050248146057,0.06001076474785805,0.003498385427519679,1.6018015146255493,454.7279052734375,0.32411685585975647,3.9547152519226074,1150.593017578125,1804.9871826171875,10.812786102294922,0.01859184540808201,1436.0609130859375,0.055740147829055786,0.42733097076416016,0.04797964543104172,0.006445215083658695,0.49376383423805237,0.27902328968048096,0.21520006656646729,0.0055675567127764225,0.01806151121854782,0.009267071262001991,0.0008922992274165154,0.002975504845380783,0.22682395577430725,0.001477532205171883,0.0006088789668865502,0.016259996220469475,0.020155591890215874,0.01773775927722454,0.4170822203159332,0.0010959954233840108,0.009399201720952988,0.0011276655131950974,0.014280322939157486,0.00911465659737587,0.015175411477684975,0.003476796904578805,0.0008490291074849665,0.003685565199702978,0.01116462703794241,0.042231544852256775,0.03883904591202736,0.0028356497641652822,0.04175329580903053,0.009059875272214413,0.02568928524851799,0.0010393240954726934,0.0003503146581351757,0.0008701594779267907,0.1271841824054718,0.008701324462890625,0.009055878967046738,0.002314620651304722,0.0019555126782506704,0.014604204334318638,0.010175731964409351,0.0016596050700172782,0.008011090569198132,0.003151536686345935,0.034051790833473206,0.004339197184890509,0.005696240346878767,0.012810147367417812,0.022525323554873466,0.0020572904031723738,0.0037546490784734488,0.00949384830892086,0.006473269779235125,0.0038110478781163692,0.005220942199230194,0.13384824991226196,0.5762067437171936,0.9171522855758667,0.006518384907394648,0.06054363027215004,0.5986844897270203,0.008095255121588707
Vol-25 La Fiesta De Buenos Aires,26 Con Permiso.mp3,153.12979125976562,100.44233703613281,3.9504473209381104,1.0875046253204346,E,minor,0.8253480195999146,0.07487117499113083,0.0042437100782990456,1.6256659030914307,434.69500732421875,0.8032310009002686,4.68076229095459,1065.2257080078125,1694.32470703125,10.68708324432373,0.016192540526390076,1340.2047119140625,0.05676271766424179,0.4187380373477936,0.04439013823866844,0.01386764645576477,0.5348080396652222,0.24183429777622223,0.20022453367710114,0.009265501983463764,0.02617916651070118,0.020915832370519638,0.0021517276763916016,0.007190437987446785,0.6145495176315308,0.002352637704461813,0.0013567617861554027,0.03394342586398125,0.02877626195549965,0.024908853694796562,0.11359501630067825,0.0015696435002610087,0.01961650513112545,0.0017993757501244545,0.010326460935175419,0.009535484947264194,0.021936120465397835,0.005264395382255316,0.0012888744240626693,0.006328802555799484,0.05258753523230553,0.04008127376437187,0.02313455566763878,0.0040411329828202724,0.011333892121911049,0.012361246161162853,0.055561862885951996,0.0018128049559891224,0.0006240229122340679,0.001788657857105136,0.07940030843019485,0.005984445568174124,0.016318324953317642,0.004476340487599373,0.0030435253866016865,0.03019970841705799,0.008264792151749134,0.0030518413987010717,0.011382829397916794,0.0061643365770578384,0.15132595598697662,0.024021875113248825,0.012248029001057148,0.03772600367665291,0.024610251188278198,0.007685394026339054,0.006963798310607672,0.02906256727874279,0.012574011459946632,0.007699338253587484,0.014439763501286507,0.34581780433654785,0.3673892319202423,0.7617731094360352,0.007484908681362867,0.17586706578731537,0.8011435270309448,0.01401025801897049
Vol-25 La Fiesta De Buenos Aires,28 Ropa Blanca.mp3,171.54612731933594,109.6419448852539,3.4798192977905273,0.9684159755706787,G,major,0.7768138647079468,0.05872800946235657,0.003247631946578622,1.7269912958145142,451.3260803222656,0.7210484743118286,5.208495616912842,1080.507568359375,1754.99072265625,11.174989700317383,0.01587364450097084,1372.7513427734375,0.05931597203016281,0.4169743061065674,0.045454300940036774,0.013332857750356197,0.3355568051338196,0.44148290157318115,0.1996627300977707,0.00996475201100111,0.017647620290517807,0.01580233871936798,0.0013749757781624794,0.005003749392926693,0.4604766070842743,0.001807958004064858,0.0008453586488030851,0.017658239230513573,0.02787519246339798,0.029575366526842117,0.2764706313610077,0.0011429463047534227,0.014671536162495613,0.0013679747935384512,0.009133929386734962,0.007803620770573616,0.012274177744984627,0.004239266272634268,0.0009247757261618972,0.004663635045289993,0.02279975265264511,0.02889903448522091,0.023350529372692108,0.002926156623288989,0.041970379650592804,0.010091923177242279,0.03234093263745308,0.0014910879544913769,0.0005218249862082303,0.0012681888183578849,0.15148572623729706,0.0047200266271829605,0.008000053465366364,0.00352376326918602,0.0021240224596112967,0.012398343533277512,0.0051545617170631886,0.002292815363034606,0.009177235886454582,0.003990502096712589,0.08456189185380936,0.010049674659967422,0.00854633841663599,0.018740296363830566,0.015392662957310677,0.003609376959502697,0.004438816104084253,0.014238150790333748,0.008092702366411686,0.005176863633096218,0.024770164862275124,0.4660012722015381,0.6896229386329651,0.8815681338310242,0.012680706568062305,0.08565518260002136,0.6067680716514587,0.028802234679460526
Vol-25 La Fiesta De Buenos Aires,29 El Barrio Del Tambor.mp3,155.79428100585938,110.0530014038086,3.382413864135742,1.0120757818222046,E,minor,0.8571747541427612,0.07061978429555893,0.0029797377064824104,1.7240357398986816,444.85552978515625,0.29264846444129944,4.894557952880859,787.1299438476562,1343.6807861328125,10.187602043151855,0.017473068088293076,975.575927734375,0.057703614234924316,0.42211881279945374,0.03532417491078377,0.016206257045269012,0.418922483921051,0.33044132590293884,0.2245011329650879,0.009928827174007893,0.03610790893435478,0.03976093605160713,0.0033827703446149826,0.011029331013560295,0.6289333701133728,0.002418920397758484,0.0018006133614107966,0.034238386899232864,0.032750025391578674,0.049403686076402664,0.16312085092067719,0.0018025392200797796,0.013382656499743462,0.002172091044485569,0.010676298290491104,0.00955122709274292,0.028238268569111824,0.007176829501986504,0.0014064047718420625,0.00920212920755148,0.08237449079751968,0.036444470286369324,0.02426607720553875,0.004003169480711222,0.012538527138531208,0.014100262895226479,0.09205009043216705,0.002415037015452981,0.0008143921149894595,0.002031901618465781,0.1140955314040184,0.006953955627977848,0.0166473351418972,0.0055815777741372585,0.002768693957477808,0.022829774767160416,0.006513943430036306,0.0036835866048932076,0.01939319260418415,0.0064087253995239735,0.20638896524906158,0.03341975063085556,0.0165399182587862,0.038958124816417694,0.02020552195608616,0.011266021057963371,0.006763148121535778,0.037529345601797104,0.013567032292485237,0.011368576437234879,0.025746211409568787,0.35033658146858215,0.5706243515014648,0.9517621994018555,9.990209218813106e-05,0.026951944455504417,0.6335529088973999,0.181396022439003
Vol-26 La Fiesta De Buenos Aires,26 Milonga Querida.mp3,148.58448791503906,110.89695739746094,4.9866719245910645,1.1316511631011963,Bb,minor,0.7675939798355103,0.07372695952653885,0.0040612309239804745,1.4670201539993286,435.1974792480469,0.8853261470794678,4.402946949005127,1183.2056884765625,1901.836669921875,9.323594093322754,0.018681135028600693,1514.6221923828125,0.06454089283943176,0.402741938829422,0.05095069855451584,0.0071022845804691315,0.6214068531990051,0.17286820709705353,0.19327114522457123,0.005351577885448933,0.01872577890753746,0.0070910220965743065,0.0011514623183757067,0.0035083359107375145,0.1755492389202118,0.0028123422525823116,0.0007520475191995502,0.013755979016423225,0.03290611505508423,0.01777677983045578,0.10300304740667343,0.00228317454457283,0.012067724950611591,0.0018984820926561952,0.017787354066967964,0.012236800976097584,0.030213816091418266,0.00334181054495275,0.0009054028196260333,0.0021542676258832216,0.011050412431359291,0.14687028527259827,0.01542099379003048,0.004833148326724768,0.007198928389698267,0.014304622076451778,0.024121584370732307,0.0013777054846286774,0.0003760768158826977,0.0010982349049299955,0.05221695080399513,0.004267670214176178,0.017914291471242905,0.002698334865272045,0.002888042712584138,0.0490729846060276,0.015149736776947975,0.0022568150889128447,0.008028377778828144,0.005096157547086477,0.050710659474134445,0.006900812964886427,0.009221062064170837,0.010405278764665127,0.021163230761885643,0.0017677714349702,0.007514173164963722,0.005968077573925257,0.012942611239850521,0.0017148149199783802,0.02773815020918846,0.23751375079154968,0.2736780643463135,0.799561083316803,0.008202562108635902,0.10713540017604828,0.6530822515487671,0.07096817344427109
Vol-26 La Fiesta De Buenos Aires,28 Yo Me Llamo Eloy Peralta.mp3,173.21795654296875,107.98338317871094,4.040812969207764,1.0060055255889893,D,major,0.7769486308097839,0.08335566520690918,0.003484320593997836,1.63116455078125,442.0379333496094,0.8157634139060974,4.261570453643799,1199.6815185546875,1597.6641845703125,12.39739990234375,0.02036651410162449,1520.763427734375,0.06505821645259857,0.42546722292900085,0.05017026141285896,0.019861653447151184,0.5091792941093445,0.23717397451400757,0.21952541172504425,0.01425980031490326,0.020580563694238663,0.019387371838092804,0.001575006521306932,0.0062901973724365234,0.481155663728714,0.0019144646357744932,0.0009590703411959112,0.023569336161017418,0.02853815257549286,0.02631799876689911,0.26717516779899597,0.0017518869135528803,0.014550846070051193,0.0013751275837421417,0.011595469899475574,0.011544456705451012,0.028960930183529854,0.006122186779975891,0.0010985461995005608,0.004769899882376194,0.024409212172031403,0.04841689392924309,0.03561335429549217,0.004198792856186628,0.03761119395494461,0.012407038360834122,0.0293191559612751,0.0015124926576390862,0.0005167180788703263,0.001355212414637208,0.11912740767002106,0.007766013033688068,0.014093850739300251,0.003280778182670474,0.0024442134890705347,0.02279963716864586,0.011627458035945892,0.0026081514079123735,0.01339044701308012,0.0051629445515573025,0.11468032747507095,0.011096546426415443,0.007999418303370476,0.019516881555318832,0.022411784157156944,0.003831295296549797,0.00574267003685236,0.011093072593212128,0.011303748935461044,0.005556381773203611,0.02710774540901184,0.46817004680633545,0.487400084733963,0.8056818842887878,0.014136040583252907,0.14363038539886475,0.7335010170936584,0.017353037372231483
Vol-26 La Fiesta De Buenos Aires,29 La Mañana.mp3,141.7926483154297,102.5796890258789,4.1324567794799805,1.0815455913543701,C,minor,0.7984118461608887,0.07266775518655777,0.004582651425153017,1.5893522500991821,445.8845520019531,0.7720274925231934,4.137506008148193,1098.920166015625,1366.98828125,12.853961944580078,0.021128179505467415,1367.415283203125,0.07181774824857712,0.4255269467830658,0.045926496386528015,0.01948881708085537,0.47190913558006287,0.2302156537771225,0.2665674388408661,0.011818833649158478,0.020409556105732918,0.02034958079457283,0.0013733156956732273,0.004854523576796055,0.4322619140148163,0.0015801768749952316,0.0005966341122984886,0.01876000687479973,0.032546691596508026,0.0298406220972538,0.1961641013622284,0.0014585180906578898,0.01437762938439846,0.0010686846217140555,0.011462649330496788,0.011395317502319813,0.017810745164752007,0.00441456725820899,0.0008395116892643273,0.003967917058616877,0.021374059841036797,0.05721181631088257,0.03196943923830986,0.004013713449239731,0.05491325631737709,0.014185185544192791,0.028435202315449715,0.001203036867082119,0.00036320334766060114,0.0011251515243202448,0.10474670678377151,0.007595075760036707,0.010174059309065342,0.0034122022334486246,0.0016839106101542711,0.01606992445886135,0.011009148322045803,0.0023703989572823048,0.010763939470052719,0.003930672071874142,0.06633593887090683,0.008999872021377087,0.007760092616081238,0.015205043368041515,0.017095988616347313,0.0032026225235313177,0.004387545865029097,0.008766069076955318,0.007648881524801254,0.004918357823044062,0.044740524142980576,0.4835544228553772,0.4584559202194214,0.8381330370903015,0.0017583013977855444,0.1577165126800537,0.6206933259963989,0.027714336290955544
Vol-31 La Fiesta De Buenos Aires,26 Mi Morocha.mp3,149.21142578125,110.33409118652344,4.087840557098389,1.1400361061096191,C,minor,0.7518598437309265,0.07187305390834808,0.004355942830443382,1.5661417245864868,452.3700866699219,0.8696046471595764,3.667769193649292,1077.8883056640625,1758.1231689453125,11.43846321105957,0.021321989595890045,1407.071533203125,0.0685451328754425,0.40111297369003296,0.04654626175761223,0.007534094154834747,0.5459953546524048,0.21565093100070953,0.22371554374694824,0.007104096934199333,0.03016592748463154,0.0267187487334013,0.0032725795172154903,0.008397586643695831,0.6551135182380676,0.0031298622488975525,0.0015419357223436236,0.03137454763054848,0.04652336984872818,0.03684704378247261,0.23980052769184113,0.002171379281207919,0.015592776238918304,0.0023573061916977167,0.013186655007302761,0.014349319972097874,0.03171491622924805,0.006770727690309286,0.0012094044359400868,0.009286888875067234,0.048268239945173264,0.051010604947805405,0.026713479310274124,0.0055352807976305485,0.008392841555178165,0.01692678965628147,0.06298691779375076,0.0022615131456404924,0.0007271823706105351,0.0022602458484470844,0.13507084548473358,0.009180236607789993,0.016618723049759865,0.005464052315801382,0.003240243997424841,0.029917778447270393,0.008507122285664082,0.0043318187817931175,0.013665413483977318,0.005968926474452019,0.1857667863368988,0.026081128045916557,0.012743399478495121,0.04283016175031662,0.024625014513731003,0.010125063359737396,0.010343518108129501,0.02839202992618084,0.0196214709430933,0.010172073729336262,0.11591016501188278,0.5834776163101196,0.32553166151046753,0.8499886989593506,0.011186596006155014,0.01837913505733013,0.79105544090271,0.09982188045978546
Vol-31 La Fiesta De Buenos Aires,27 Mozo Guapo.mp3,133.1461181640625,113.07270050048828,3.9123971462249756,1.1624372005462646,A,minor,0.7137393355369568,0.05890554189682007,0.003136981511488557,1.6273740530014038,453.94061279296875,0.7072478532791138,4.280310153961182,1304.6153564453125,1861.761474609375,11.64103889465332,0.01821545884013176,1663.088623046875,0.061994269490242004,0.43168842792510986,0.053829092532396317,0.01210626307874918,0.5458689332008362,0.10864433646202087,0.3205632269382477,0.012817290611565113,0.024981476366519928,0.03270864486694336,0.003906119614839554,0.010578463785350323,0.6155609488487244,0.0028987410478293896,0.0019835070706903934,0.05735594779253006,0.0483899861574173,0.03349388763308525,0.19647756218910217,0.0019309433409944177,0.01716199517250061,0.0021767623256891966,0.012487413361668587,0.018814947456121445,0.03358236327767372,0.009245074354112148,0.0014702919870615005,0.011159849353134632,0.04462439939379692,0.0549028255045414,0.03245958313345909,0.005295009817928076,0.008420746773481369,0.01776869408786297,0.07173938304185867,0.002167969709262252,0.0008384194225072861,0.0027493522502481937,0.1270613819360733,0.01082628034055233,0.017955733463168144,0.005468054208904505,0.00416957912966609,0.026742763817310333,0.009231161326169968,0.004120965022593737,0.0188523568212986,0.005460353102535009,0.16416814923286438,0.02483331598341465,0.012993884272873402,0.04044315963983536,0.021057214587926865,0.00979522056877613,0.00909519474953413,0.028176946565508842,0.02100778929889202,0.014066199772059917,0.19638462364673615,0.6533536314964294,0.16836975514888763,0.6469995379447937,0.01484046969562769,0.14088070392608643,0.5351934432983398,0.1473388969898224
Vol-31 La Fiesta De Buenos Aires,28 Asi Es La Milonga.mp3,136.4114227294922,107.92921447753906,4.229310989379883,1.082407832145691,G,major,0.7392048835754395,0.08642395585775375,0.004763524979352951,1.3813292980194092,442.0379333496094,0.5945098996162415,7.0533318519592285,1161.560791015625,1814.27197265625,7.724132061004639,0.0141935795545578,1546.5626220703125,0.051332857459783554,0.39049604535102844,0.050004951655864716,0.010308974422514439,0.5708634853363037,0.16811953485012054,0.24351060390472412,0.007197369355708361,0.016373295336961746,0.010180768556892872,0.0013301665894687176,0.0037082661874592304,0.3240358531475067,0.002538674511015415,0.0008244006894528866,0.016944237053394318,0.027948662638664246,0.017686769366264343,0.26575082540512085,0.0014225160703063011,0.005693934392184019,0.0014981066342443228,0.007399514317512512,0.006947959307581186,0.013717802241444588,0.0040867323987185955,0.0008698112796992064,0.0032539060339331627,0.013010380789637566,0.08713501691818237,0.013490309938788414,0.0045081390999257565,0.007586922030895948,0.01140310987830162,0.03612660616636276,0.0014463926199823618,0.0004949538852088153,0.0010311608202755451,0.16633450984954834,0.004444803111255169,0.009573595598340034,0.0028300154954195023,0.0020348886027932167,0.018082942813634872,0.006630019750446081,0.0021167374216020107,0.007014452014118433,0.003548707813024521,0.06905275583267212,0.012625226750969887,0.007569950073957443,0.02334509789943695,0.012947607785463333,0.00313499104231596,0.007459618616849184,0.010479980148375034,0.008985328488051891,0.003136502578854561,0.05298726260662079,0.42513081431388855,0.26649054884910583,0.77577143907547,0.008150999434292316,0.0903538167476654,0.8858592510223389,0.028753450140357018
Vol-32 La Fiesta De Buenos Aires,27 Clavel.mp3,146.1551055908203,106.56129455566406,4.186916828155518,0.9997389912605286,G,major,0.9090487957000732,0.05144490301609039,0.00254048896022141,1.564646601676941,444.3418884277344,0.7660539150238037,4.743579864501953,1171.3170166015625,1794.5323486328125,11.679478645324707,0.02065933123230934,1558.11279296875,0.06681996583938599,0.42521077394485474,0.049833692610263824,0.01828850246965885,0.5217280387878418,0.2046969085931778,0.2411954253911972,0.014091306366026402,0.01944519393146038,0.03280741721391678,0.002411491237580776,0.00852382555603981,0.4925362169742584,0.0022455118596553802,0.0014010982122272253,0.026682956144213676,0.03909331187605858,0.029538467526435852,0.26170483231544495,0.001906424993649125,0.01411014050245285,0.0016001503681764007,0.012064842507243156,0.015604517422616482,0.0261539313942194,0.007763264700770378,0.0014144807355478406,0.006400283891707659,0.027774320915341377,0.0492074228823185,0.03483065962791443,0.004902406595647335,0.043642379343509674,0.014957874082028866,0.035117682069540024,0.0017814291641116142,0.0007076546316966414,0.0019050559494644403,0.11002106964588165,0.01076419185847044,0.013308800756931305,0.0043518636375665665,0.003093192121013999,0.020920732989907265,0.013062349520623684,0.0034382424782961607,0.017123993486166,0.005927170626819134,0.1332036852836609,0.012572417967021465,0.010045783594250679,0.016750596463680267,0.019986966624855995,0.004331056494265795,0.0060172537341713905,0.011679091490805149,0.010871968232095242,0.00783225242048502,0.051914043724536896,0.37982645630836487,0.4272818863391876,0.8397189974784851,0.01642455719411373,0.1760341376066208,0.6049985289573669,0.0729508325457573
Vol-32 La Fiesta De Buenos Aires,28 Me Gusta Bailar Milonga.mp3,124.10775756835938,108.69242858886719,4.37471866607666,1.0473601818084717,D,major,0.8351408243179321,0.0710546001791954,0.002991772722452879,1.553654670715332,442.5489196777344,0.4413834512233734,4.25235652923584,1152.5849609375,2005.345458984375,10.871679306030273,0.018097518011927605,1649.688720703125,0.06795991212129593,0.4019976854324341,0.05167844146490097,0.03575019910931587,0.42747944593429565,0.21910543739795685,0.2943912744522095,0.023273678496479988,0.023433348163962364,0.023254472762346268,0.0030422951094806194,0.010754173621535301,0.45104190707206726,0.004009805154055357,0.0020776751916855574,0.0348474346101284,0.045802269130945206,0.04593159258365631,0.21361558139324188,0.0030496956314891577,0.020816493779420853,0.0031025013886392117,0.014693467877805233,0.013679479248821735,0.05718489736318588,0.00873593334108591,0.0016480340855196118,0.006429539993405342,0.02521122433245182,0.05360814556479454,0.0304572694003582,0.005748801864683628,0.0677858218550682,0.019965052604675293,0.036479637026786804,0.003085560165345669,0.0009042929741553962,0.0030872588977217674,0.16515521705150604,0.007281267084181309,0.022570207715034485,0.006664746906608343,0.004507043398916721,0.03672965615987778,0.011594351381063461,0.0034283604472875595,0.02063145861029625,0.008678516373038292,0.1871197372674942,0.016274552792310715,0.015190739184617996,0.01912710815668106,0.027988096699118614,0.005470775533467531,0.009304416365921497,0.015409758314490318,0.021816903725266457,0.006665850058197975,0.05215224251151085,0.3328929841518402,0.48207637667655945,0.8594950437545776,0.02464113011956215,0.16358889639377594,0.5725336074829102,0.05529685318470001
Vol-35 La Fiesta De Buenos Aires,29 Ganzua.mp3,140.4342803955078,112.88103485107422,4.5355544090271,1.127243161201477,G,major,0.771163284778595,0.053884297609329224,0.0029752065893262625,1.6141149997711182,443.8288879394531,0.8538487553596497,3.679943323135376,1339.4287109375,1468.9251708984375,13.805752754211426,0.01718694157898426,1595.9271240234375,0.06980769336223602,0.43174779415130615,0.05287410318851471,0.0236702598631382,0.5153099894523621,0.21323813498020172,0.2341553270816803,0.013626333326101303,0.028383435681462288,0.014940566383302212,0.0013926683459430933,0.0027745722327381372,0.45196619629859924,0.002885897643864155,0.0007585437269881368,0.014188463799655437,0.048874158412218094,0.04880820959806442,0.18375468254089355,0.0032230117358267307,0.025691833347082138,0.0015600798651576042,0.017857825383543968,0.012500516138970852,0.014739994890987873,0.00368773122318089,0.0022550937719643116,0.0036433946806937456,0.028809716925024986,0.07033856958150864,0.03248428553342819,0.007402289658784866,0.04557148367166519,0.029819611459970474,0.04077531769871712,0.0026663602329790592,0.0006558671593666077,0.0018035299144685268,0.12023884803056717,0.007282656617462635,0.013462264090776443,0.005605063401162624,0.0036281573120504618,0.019389096647500992,0.011106448248028755,0.003069293452426791,0.01698732189834118,0.004267224110662937,0.06592564284801483,0.012776566669344902,0.010005299933254719,0.024914639070630074,0.020057013258337975,0.003814429510384798,0.012911881320178509,0.010535518638789654,0.012641201727092266,0.004489091224968433,0.1605733036994934,0.7422752976417542,0.2852441668510437,0.7573835253715515,0.010322649031877518,0.1476040780544281,0.6476764678955078,0.11260037124156952
Vol-36 La Fiesta De Buenos Aires,26 Ficha De Oro.mp3,168.8032684326172,109.87047576904297,4.045712947845459,0.974624752998352,E,minor,0.7250683903694153,0.06270626932382584,0.003025302430614829,1.6719671487808228,442.2933654785156,0.47352883219718933,4.491062641143799,973.518798828125,1731.73046875,9.541604042053223,0.015565197914838791,1269.04248046875,0.0532049685716629,0.40908724069595337,0.042039934545755386,0.009000875055789948,0.5440453886985779,0.22413328289985657,0.21505120396614075,0.007769168354570866,0.02439841441810131,0.022576700896024704,0.002199673093855381,0.00903339870274067,0.7260714769363403,0.0025283785071223974,0.0012305346317589283,0.04433191567659378,0.023434769362211227,0.02725117653608322,0.18768933415412903,0.0015201130881905556,0.01081426627933979,0.001716797356493771,0.008641560561954975,0.015726353973150253,0.04778860881924629,0.005969432182610035,0.0009640812058933079,0.00987476110458374,0.0438602976500988,0.049238283187150955,0.03307021036744118,0.0031825837213546038,0.004734675865620375,0.009051263332366943,0.05254513397812843,0.0015438486589118838,0.0006095784483477473,0.0013851879630237818,0.12384790182113647,0.00808987021446228,0.011618752032518387,0.00426619965583086,0.0022686664015054703,0.018702184781432152,0.005604561418294907,0.003469775663688779,0.013793320395052433,0.004263898823410273,0.2180686593055725,0.024847988039255142,0.00891274493187666,0.038339387625455856,0.01477243471890688,0.008807593956589699,0.006139946635812521,0.02443675510585308,0.01851704530417919,0.010896190069615841,0.008077607490122318,0.11510241776704788,0.49205881357192993,0.9280567169189453,0.009461415000259876,0.0887802243232727,0.7634713053703308,0.031423721462488174
Vol-36 La Fiesta De Buenos Aires,29 Soy Un Porteño.mp3,188.8914337158203,109.90399932861328,3.9067060947418213,1.0741833448410034,Eb,minor,0.7555687427520752,0.08429589867591858,0.0027033670339733362,1.7518013715744019,439.74591064453125,0.955123245716095,2.7629573345184326,1076.36669921875,1191.2593994140625,19.39589500427246,0.027064727619290352,1508.6448974609375,0.08526086062192917,0.4464736580848694,0.047340475022792816,0.08544451743364334,0.21735861897468567,0.16749204695224762,0.37125447392463684,0.15845009684562683,0.08262281864881516,0.04060560092329979,0.009593456983566284,0.02839447744190693,0.16022703051567078,0.01118959579616785,0.008299746550619602,0.04020187631249428,0.11111754179000854,0.08257708698511124,0.1545921266078949,0.009021135047078133,0.030080653727054596,0.008470114320516586,0.05199132114648819,0.029792267829179764,0.04712922126054764,0.017927493900060654,0.0062292213551700115,0.013537345454096794,0.025193193927407265,0.12073248624801636,0.03996001556515694,0.016758140176534653,0.03974916413426399,0.05761953443288803,0.07841572165489197,0.0074233077466487885,0.0024497872218489647,0.010652939788997173,0.14317269623279572,0.016830943524837494,0.04109969362616539,0.016704069450497627,0.013309387490153313,0.06801898777484894,0.042284779250621796,0.010075005702674389,0.04927893728017807,0.018054159358143806,0.11973758786916733,0.019981656223535538,0.04362288862466812,0.021356897428631783,0.04886558651924133,0.01013729628175497,0.016075626015663147,0.019990161061286926,0.02755933254957199,0.009609298780560493,0.1208740696310997,0.2623917758464813,0.2529994547367096,0.4818672239780426,0.04629920423030853,0.34455031156539917,0.0830269306898117,0.3595241904258728
Vol-39 La Fiesta De Buenos Aires,27 Milonga De Mis Amores.mp3,184.9991912841797,164.25360107421875,3.7510147094726562,0.9910485744476318,Ab,minor,0.8175225853919983,0.04642409086227417,0.002007528208196163,1.664880394935608,442.0379333496094,0.6365132927894592,3.810948610305786,1068.1290283203125,1633.3436279296875,10.921445846557617,0.018530048429965973,1291.459716796875,0.053327322006225586,0.43319347500801086,0.04423746094107628,0.007808008696883917,0.37826302647590637,0.3174079656600952,0.2900289297103882,0.006491990759968758,0.029907718300819397,0.025585558265447617,0.002976404968649149,0.00823584757745266,0.6049133539199829,0.002483410993590951,0.0013114152243360877,0.039763063192367554,0.04102209955453873,0.041926149278879166,0.16546830534934998,0.002003404311835766,0.0142892487347126,0.0017682422185316682,0.013785104267299175,0.017433281987905502,0.03518049791455269,0.006520851980894804,0.0023029004223644733,0.012517639435827732,0.06054595112800598,0.05527539178729057,0.03287963196635246,0.005030281841754913,0.008316321298480034,0.019600044935941696,0.09104473143815994,0.002146313898265362,0.000846990616992116,0.0018712710589170456,0.10452200472354889,0.009583767503499985,0.01686643622815609,0.00524814473465085,0.003494194708764553,0.02387090027332306,0.010309312492609024,0.004884629976004362,0.017337525263428688,0.006086396984755993,0.14977459609508514,0.022546829655766487,0.014678474515676498,0.034897249191999435,0.022384295240044594,0.00969365332275629,0.0075936331413686275,0.02728312462568283,0.014851866289973259,0.01229012943804264,0.009212245233356953,0.354042112827301,0.5862329006195068,0.9250000715255737,0.010296480730175972,0.03537038713693619,0.5670276880264282,0.03956083208322525
