album,filename,mfcc_1_mean,mfcc_1_std,mfcc_2_mean,mfcc_2_std,mfcc_3_mean,mfcc_3_std,mfcc_4_mean,mfcc_4_std,mfcc_5_mean,mfcc_5_std,mfcc_6_mean,mfcc_6_std,mfcc_7_mean,mfcc_7_std,mfcc_8_mean,mfcc_8_std,mfcc_9_mean,mfcc_9_std,mfcc_10_mean,mfcc_10_std,mfcc_11_mean,mfcc_11_std,mfcc_12_mean,mfcc_12_std,mfcc_13_mean,mfcc_13_std,delta_mfcc_1_mean,delta_mfcc_1_std,delta_mfcc_2_mean,delta_mfcc_2_std,delta_mfcc_3_mean,delta_mfcc_3_std,delta_mfcc_4_mean,delta_mfcc_4_std,delta_mfcc_5_mean,delta_mfcc_5_std,delta_mfcc_6_mean,delta_mfcc_6_std,delta_mfcc_7_mean,delta_mfcc_7_std,delta_mfcc_8_mean,delta_mfcc_8_std,delta_mfcc_9_mean,delta_mfcc_9_std,delta_mfcc_10_mean,delta_mfcc_10_std,delta_mfcc_11_mean,delta_mfcc_11_std,delta_mfcc_12_mean,delta_mfcc_12_std,delta_mfcc_13_mean,delta_mfcc_13_std,chroma_1_mean,chroma_1_std,chroma_2_mean,chroma_2_std,chroma_3_mean,chroma_3_std,chroma_4_mean,chroma_4_std,chroma_5_mean,chroma_5_std,chroma_6_mean,chroma_6_std,chroma_7_mean,chroma_7_std,chroma_8_mean,chroma_8_std,chroma_9_mean,chroma_9_std,chroma_10_mean,chroma_10_std,chroma_11_mean,chroma_11_std,chroma_12_mean,chroma_12_std,spectral_contrast_1_mean,spectral_contrast_1_std,spectral_contrast_2_mean,spectral_contrast_2_std,spectral_contrast_3_mean,spectral_contrast_3_std,spectral_contrast_4_mean,spectral_contrast_4_std,spectral_contrast_5_mean,spectral_contrast_5_std,spectral_contrast_6_mean,spectral_contrast_6_std,spectral_contrast_7_mean,spectral_contrast_7_std,spectral_bandwidth_mean,spectral_bandwidth_std,rms_mean,rms_std,onset_strength_mean,onset_strength_std,tempogram_global_mean,tempogram_global_std,tempogram_max_bin_strength,harmonic_energy,percussive_energy,harmonic_to_percussive_ratio,harmonic_energy_ratio,percussive_energy_ratio
Vol-01 La Fiesta De Buenos Aires,13 Alma Dolorida.mp3,-271.2255859375,90.9290771484375,156.46585083007812,41.25752258300781,-20.12993812561035,38.607749938964844,31.776885986328125,21.093795776367188,22.532724380493164,15.130294799804688,-7.723114967346191,15.097738265991211,1.4606071710586548,11.13546371459961,-2.409085988998413,12.501802444458008,-7.8582892417907715,12.76124095916748,-4.269922256469727,12.008319854736328,1.8983328342437744,10.622535705566406,2.2623374462127686,11.251014709472656,0.6911055445671082,11.76330280303955,-1.4138028525678692e-08,10.85958194732666,-1.2852753306091813e-09,4.025280475616455,1.445934816324268e-09,4.745941162109375,-1.445934816324268e-09,2.637155532836914,-3.2131883265229533e-10,2.1646463871002197,1.6065941632614766e-10,2.0951461791992188,-5.623079779581985e-10,1.6052374839782715,8.032970955085261e-10,1.7330785989761353,8.032970955085261e-10,1.7003041505813599,1.3656050734667247e-09,1.5897547006607056,8.032970955085261e-10,1.455666184425354,-5.221431065294269e-10,1.4791946411132812,6.426376653045907e-10,1.5067349672317505,0.43688684701919556,0.34871649742126465,0.3323802053928375,0.29397472739219666,0.20940746366977692,0.2007332593202591,0.2223883718252182,0.21573692560195923,0.3624660074710846,0.3076057434082031,0.49114134907722473,0.36494511365890503,0.339679479598999,0.25513386726379395,0.4092296063899994,0.3299609124660492,0.39848974347114563,0.3187731206417084,0.2895579934120178,0.28104886412620544,0.2678465247154236,0.2653980553150177,0.27872270345687866,0.22997556626796722,18.875499140388442,6.700287291993727,14.539851111864348,4.667703167508493,20.729411996325002,4.593662467197453,23.22199956975967,4.714180342199726,23.005736388916283,4.384443145099214,22.697599301205255,4.5258204130108215,48.44634688351565,8.167133794824217,1735.4146960601374,523.7949420414775,0.09714742749929428,0.05392460152506828,1.0112342834472656,0.8843895792961121,0.19988164618406312,0.23582165408169925,0.9810478436657682,54230.07421875,6715.14208984375,8.075789535528926,0.8898167486051426,0.11018325139485743
Vol-01 La Fiesta De Buenos Aires,14 Pasión.mp3,-301.6718444824219,82.5222396850586,183.0579833984375,45.1380500793457,-24.320640563964844,34.81911087036133,13.122786521911621,16.369388580322266,23.299264907836914,13.04228687286377,-15.459983825683594,13.083907127380371,-10.968819618225098,10.90318775177002,-7.922496318817139,10.587170600891113,-9.541839599609375,10.16718578338623,-7.339869976043701,9.698502540588379,-2.796182870864868,9.292101860046387,1.1167203187942505,10.01305103302002,-3.709873676300049,11.374366760253906,4.407188836097475e-09,8.323528289794922,2.2035944180487377e-09,4.164521217346191,8.26347879012701e-10,4.090585708618164,-1.4461087882722268e-09,1.883122444152832,1.377246511280461e-10,1.5895053148269653,6.886232140068671e-10,1.7424376010894775,1.308384178777544e-09,1.458710789680481,4.131739395063505e-10,1.3659605979919434,1.377246511280461e-10,1.3794482946395874,0.0,1.2971750497817993,3.4431160700343355e-10,1.247717022895813,-1.377246511280461e-10,1.2790364027023315,6.197609092595258e-10,1.3066798448562622,0.32231900095939636,0.30263665318489075,0.2370806634426117,0.2543688416481018,0.2538236677646637,0.27007099986076355,0.3037315309047699,0.2840929925441742,0.3461630940437317,0.34567973017692566,0.2771050035953522,0.25021716952323914,0.42048677802085876,0.3350147604942322,0.46279558539390564,0.3435247838497162,0.27967754006385803,0.24242331087589264,0.2708359956741333,0.2910570502281189,0.2959361672401428,0.24451522529125214,0.3940652310848236,0.344294935464859,17.18399579557269,6.296486769909027,12.4324069498156,4.1266328316507215,18.373433726349493,4.623244731298291,22.518461674321156,5.019084671422773,22.064620555679248,4.5806172423900104,24.658941975340017,5.477685871477862,47.05287020347242,7.878394817007129,1302.6756983764633,367.23607841132,0.07484721392393112,0.04579012468457222,0.9678518772125244,0.7448106408119202,0.22104820674348472,0.2551341281568245,0.9850530724240018,39017.890625,4434.32275390625,8.799064206733409,0.8979494389563392,0.10205056104366088
Vol-03 La Fiesta De Buenos Aires,11 Desde El Alma.mp3,-279.2384948730469,73.08694458007812,191.8991241455078,43.256404876708984,-5.440242290496826,31.471094131469727,-4.148430347442627,13.894243240356445,8.246265411376953,9.848901748657227,-6.503814697265625,11.375028610229492,4.857438564300537,9.997307777404785,-2.5298550128936768,9.301959037780762,-12.039613723754883,9.52320384979248,-6.830312728881836,10.513800621032715,-7.174315929412842,9.58444881439209,-2.9512321949005127,9.35644245147705,-4.2668890953063965,9.951059341430664,-7.838586668640346e-09,6.002054691314697,-3.4293816675301514e-09,3.0274224281311035,0.0,3.554253101348877,-6.12389583487527e-10,1.861366629600525,-8.573454168825378e-10,1.2532007694244385,0.0,1.5813298225402832,-5.511506251387743e-10,1.238135576248169,4.286727084412689e-10,1.2251933813095093,-3.061947917437635e-10,1.1758692264556885,-6.12389583487527e-10,1.1983025074005127,-1.5309740142299688e-09,1.1652874946594238,7.348675001850324e-10,1.1523690223693848,6.12389583487527e-10,1.2453198432922363,0.2726278007030487,0.2519039213657379,0.3416405916213989,0.334426611661911,0.31172195076942444,0.3200801610946655,0.172899067401886,0.18990613520145416,0.19646187126636505,0.27447816729545593,0.24858009815216064,0.21411173045635223,0.48332449793815613,0.3848194479942322,0.28783291578292847,0.27092570066452026,0.1917981207370758,0.2244323492050171,0.20550911128520966,0.26622119545936584,0.2444896101951599,0.23971977829933167,0.36348289251327515,0.3716510236263275,14.215668398647749,5.398298972265474,12.367774697414402,4.190643519062459,17.94590681956752,4.642941880044562,21.39413639625826,4.668349587557974,23.653282596566893,4.513019430729939,25.752632284496723,5.456040151152779,46.147288978677544,7.349121158054226,1123.5978666714327,304.3327302175764,0.0949782282114029,0.053992241621017456,0.9084922671318054,0.6242160201072693,0.23760890980895574,0.26900629348930033,0.9858087715918578,72962.84375,5351.30517578125,13.634588451470249,0.9316687310124163,0.06833126898758372
Vol-03 La Fiesta De Buenos Aires,13 Francia.mp3,-316.35687255859375,73.45748138427734,160.26878356933594,49.510379791259766,13.451912879943848,33.64897155761719,10.074174880981445,17.92822265625,28.063627243041992,16.657379150390625,7.736511707305908,16.384645462036133,4.725543022155762,14.015462875366211,6.706493377685547,12.749932289123535,-4.187771797180176,11.729304313659668,-10.190511703491211,13.67452621459961,-4.320948600769043,14.243042945861816,5.680394649505615,14.51550579071045,2.332942485809326,13.15655517578125,-6.528755314150203e-09,6.308725833892822,-2.1762518453982693e-09,4.119067192077637,5.440629613495673e-10,3.551894426345825,2.7203148067478367e-10,2.2741706371307373,0.0,1.866811752319336,-6.120707829460059e-10,1.758671760559082,7.480865371611856e-10,1.6773449182510376,-2.0402360356719385e-10,1.5437424182891846,-9.52110168483955e-10,1.510301947593689,8.841022913763652e-10,1.5484123229980469,-6.800786600535957e-10,1.4869657754898071,0.0,1.4289965629577637,1.3601573201071915e-09,1.4624534845352173,0.2131185382604599,0.2738431692123413,0.27057239413261414,0.2580587565898895,0.3883662223815918,0.3745363652706146,0.27344974875450134,0.24694320559501648,0.3131309747695923,0.30339887738227844,0.327085942029953,0.3255074620246887,0.24052098393440247,0.2332324981689453,0.21922501921653748,0.25536614656448364,0.2644464373588562,0.2292037010192871,0.4879942238330841,0.3955039978027344,0.30834367871284485,0.2876421809196472,0.21045880019664764,0.23933830857276917,19.97891002819721,6.2711824328948165,14.642516888435521,5.288182817382002,22.93201698960121,5.339279095308301,26.57031660231843,5.668399043519794,27.55106113793203,5.9776219332377805,29.98202366415773,7.880749288360387,43.806114816195155,7.253784325172574,1226.1652948692765,398.10951369139246,0.10254476964473724,0.0698341578245163,0.774308979511261,0.5800418853759766,0.22742785483127886,0.2625944334550785,0.9838836197675248,91114.25,4142.40869140625,21.995475769694966,0.9565131850275579,0.04348681497244208
Vol-03 La Fiesta De Buenos Aires,14 Maria Esther.mp3,-294.9327392578125,82.31698608398438,165.17941284179688,51.607059478759766,-3.904601573944092,32.91254806518555,11.25820255279541,17.859399795532227,21.6225528717041,15.453658103942871,-2.7909176349639893,15.629532814025879,8.887664794921875,11.333198547363281,5.603650093078613,11.147333145141602,-8.758628845214844,11.231088638305664,-7.10427188873291,11.654533386230469,-4.508830547332764,10.854414939880371,2.160121202468872,11.328343391418457,0.681687593460083,11.757270812988281,6.976509592249158e-09,7.416911602020264,-1.1627515617007589e-09,3.8799498081207275,-5.813757808503794e-10,4.1029486656188965,-2.906878904251897e-10,2.130920648574829,2.906878904251897e-10,1.7931567430496216,-5.813757808503794e-10,1.904072880744934,2.0348152052207524e-09,1.4853266477584839,7.267197399407621e-10,1.442779779434204,2.180159247577862e-10,1.4495244026184082,1.8894712461303698e-09,1.4841071367263794,2.180159247577862e-10,1.3837581872940063,-3.6335986997038106e-10,1.349229335784912,1.4534394521259486e-10,1.4236116409301758,0.3854410648345947,0.36101412773132324,0.3160085082054138,0.2597772181034088,0.3529316782951355,0.309253990650177,0.3413317799568176,0.3140808045864105,0.30035528540611267,0.27609556913375854,0.36290696263313293,0.33970823884010315,0.3962208032608032,0.2821478247642517,0.5249951481819153,0.36329740285873413,0.3590794801712036,0.27627789974212646,0.2922654151916504,0.2695537507534027,0.35090380907058716,0.31600916385650635,0.34338417649269104,0.2875382602214813,20.536528498409716,6.621648972997563,13.873316527443718,5.098473590814297,19.851121459153497,5.203643128538397,22.180113350949256,5.177004826356072,23.2140952305556,4.868794379760269,24.87939654058447,5.436697047011491,46.02054131831611,7.368063107964948,1332.1719899848142,478.03186986532353,0.10622695088386536,0.07720022648572922,0.8360381722450256,0.6702209115028381,0.21921521614345946,0.25513277281092633,0.9896365160405395,95545.4765625,4274.49169921875,22.35247680559606,0.9571779897984797,0.04282201020152027
Vol-04 La Fiesta De Buenos Aires,11 La Pulpera De Santa Lucia.mp3,-274.08636474609375,81.48551177978516,183.3358917236328,42.40958786010742,-19.851890563964844,39.68174362182617,8.431886672973633,16.698375701904297,16.588098526000977,16.6542911529541,-0.7932743430137634,15.520676612854004,1.2620285749435425,11.81155014038086,-8.159402847290039,12.038249015808105,-9.38430118560791,10.485157012939453,-14.098152160644531,9.862030029296875,-13.937498092651367,10.889349937438965,1.0987530946731567,9.19357967376709,-9.137529373168945,10.556267738342285,-1.841292118776039e-09,7.15675687789917,-2.7619384557198146e-09,3.322052240371704,-2.301615342759078e-09,3.7348906993865967,-5.754038356897695e-10,2.183990240097046,0.0,1.753809928894043,-9.781865317748384e-10,1.6885486841201782,-7.480249752944701e-10,1.5380523204803467,-5.754038356897695e-10,1.4756205081939697,1.265888394108572e-09,1.34465754032135,9.206461148991707e-10,1.2658179998397827,8.055653921701378e-10,1.2977805137634277,8.055653921701378e-10,1.3541771173477173,-1.1508076436239634e-10,1.2790108919143677,0.3571534752845764,0.2842026948928833,0.3617766201496124,0.32301363348960876,0.33382588624954224,0.30756622552871704,0.27996140718460083,0.2640698552131653,0.2989828586578369,0.3096155822277069,0.29247087240219116,0.2588096857070923,0.40130341053009033,0.3264346122741699,0.3610880672931671,0.31302496790885925,0.2942892611026764,0.2768966257572174,0.2999396026134491,0.2948211431503296,0.34035271406173706,0.2832660973072052,0.4217737019062042,0.347539484500885,18.299385215178187,5.792485853334088,12.735658106823019,4.181339571110369,17.864862306646582,4.44298894029641,20.1374508090653,4.612332492206136,21.78946569974299,4.341892243983442,23.48478209637849,4.765609852981947,49.77085039310418,7.640004184319993,1714.158740908979,547.5330735993824,0.09706917405128479,0.05490037053823471,1.0368409156799316,0.721356213092804,0.23713015980036975,0.2720000259680761,0.9865451912634247,77476.671875,8004.1318359375,9.679584677396232,0.9063633998692346,0.09363660013076539
Vol-04 La Fiesta De Buenos Aires,13 Idilio Trunco.mp3,-285.8824157714844,70.5281753540039,204.77157592773438,47.21297073364258,-9.837379455566406,32.68524932861328,-18.135038375854492,18.45382308959961,19.348054885864258,15.350373268127441,4.54601526260376,15.030522346496582,-0.5022169947624207,13.329241752624512,2.136716604232788,10.58583927154541,-5.410900592803955,10.86000919342041,-13.335741996765137,10.445343971252441,-8.948882102966309,10.281190872192383,2.691218852996826,8.649151802062988,-3.1397032737731934,8.420329093933105,8.18019429971173e-09,6.576516628265381,0.0,3.2197868824005127,-1.7042071087658428e-09,4.3037872314453125,2.0450485749279323e-09,2.2938225269317627,1.1929449650338597e-09,1.858573317527771,-8.521035960162848e-11,1.910538911819458,-3.4084143840651393e-10,1.646417498588562,7.668932155979746e-10,1.4456232786178589,-3.4084143840651393e-10,1.4690479040145874,-5.112621437319831e-10,1.3823786973953247,-1.7042071920325697e-10,1.3964793682098389,2.130258858201728e-09,1.279336929321289,-4.260517980081424e-11,1.2758989334106445,0.3279457986354828,0.3116438388824463,0.35331660509109497,0.3260051906108856,0.2840975522994995,0.25106939673423767,0.33746597170829773,0.3159743845462799,0.3467792868614197,0.3243143856525421,0.2660720646381378,0.2602420747280121,0.3082912266254425,0.30064961314201355,0.3294694423675537,0.2768101692199707,0.4577852189540863,0.35892364382743835,0.3535764217376709,0.3115018308162689,0.2521216571331024,0.2454032599925995,0.2676820755004883,0.27476465702056885,18.02220937934027,6.046823409991459,12.622280967771944,4.2652299534739395,17.222259010577158,4.482001029446508,20.28270798637689,4.771704249574456,23.35406757343936,5.07644712228032,27.272261637239446,5.679385777218862,43.200816715793785,8.004910021222017,1062.8477682028963,303.25890930650974,0.10189849883317947,0.055211421102285385,0.9746270775794983,0.6892328262329102,0.23043568746234294,0.26287952562355654,0.9799857040743388,50552.984375,9169.130859375,5.513388907882363,0.8464700919685877,0.15352990803141228
Vol-04 La Fiesta De Buenos Aires,14 Luna De Arrabal.mp3,-313.4256591796875,75.0601806640625,189.33950805664062,49.89481735229492,-7.142926216125488,37.75261306762695,-28.29878044128418,20.55240821838379,15.487081527709961,16.82918930053711,3.681793689727783,16.144224166870117,-9.036130905151367,13.344034194946289,-3.111762523651123,12.18393611907959,-13.197875022888184,13.440348625183105,-21.103382110595703,13.416762351989746,-10.767351150512695,12.781627655029297,-4.171853065490723,10.723784446716309,-8.4898099899292,11.098567962646484,-3.5351959137841504e-09,5.747199058532715,5.302793759653923e-09,3.615745782852173,-1.3256984399134808e-09,3.426804304122925,6.628492199567404e-10,2.2611570358276367,-4.971369427231309e-10,1.8719755411148071,-3.314246099783702e-10,1.7793171405792236,2.761871842338337e-10,1.6013516187667847,-5.523743684676674e-10,1.4162956476211548,-1.4914107726582415e-09,1.5165103673934937,3.314246099783702e-10,1.443501591682434,5.523743684676674e-10,1.4544625282287598,1.5466481428916268e-09,1.3673971891403198,-1.104748723057547e-10,1.3679978847503662,0.23135808110237122,0.27140679955482483,0.1876101940870285,0.23711395263671875,0.20475928485393524,0.23149532079696655,0.3155093789100647,0.32656753063201904,0.3315679430961609,0.32254454493522644,0.25853705406188965,0.25553449988365173,0.3440374732017517,0.3333590030670166,0.346998929977417,0.3069203794002533,0.3567429184913635,0.3398136496543884,0.29035040736198425,0.3148307502269745,0.2508329451084137,0.24817824363708496,0.3057994246482849,0.3307189643383026,20.510340610195318,6.369308253125961,13.815934469890049,4.819292486804927,20.172708483782575,5.055410844169769,23.01541285229998,5.248547607976743,25.737328597650503,5.476730540272906,33.585531265957506,6.989843301417828,36.36626433529533,5.523312804043202,862.961645137519,285.05284114733274,0.09201040118932724,0.06257255375385284,0.8322581052780151,0.5803473591804504,0.23772101845846566,0.2701363439888944,0.9885317115551694,80730.34375,9093.783203125,8.877531160216984,0.8987601270216562,0.10123987297834378
Vol-06 La Fiesta De Buenos Aires,11 No LLores Madre.mp3,-258.99212646484375,67.96563720703125,218.0912628173828,46.46733856201172,-16.571016311645508,30.08413314819336,-22.49364471435547,12.188008308410645,21.342784881591797,11.725462913513184,-11.452794075012207,10.93125057220459,-22.731311798095703,9.545722007751465,-3.580483913421631,8.175524711608887,-5.010624408721924,8.291375160217285,-8.001888275146484,8.758184432983398,-1.9221700429916382,8.659990310668945,-1.9392321109771729,7.881625175476074,-2.282975673675537,8.70177173614502,-1.2623088130325755e-09,4.75846004486084,1.2623088130325755e-09,2.330080986022949,2.209040506073734e-09,3.0924270153045654,0.0,1.4776607751846313,6.311544065162877e-10,1.2797160148620605,-3.1557720325814387e-10,1.4034616947174072,-6.311544065162877e-10,1.0991896390914917,-3.1557720325814387e-10,1.0661495923995972,7.889430081453597e-11,1.1553000211715698,-9.46731582018856e-10,1.1189910173416138,7.889430081453597e-11,1.0986002683639526,-1.18341447752357e-09,1.099070429801941,8.678373020210017e-10,1.0733420848846436,0.1581151783466339,0.20309662818908691,0.23122847080230713,0.26433759927749634,0.28567105531692505,0.2974095046520233,0.24391184747219086,0.23613512516021729,0.3534703552722931,0.32533010840415955,0.34104254841804504,0.3134104311466217,0.3136807680130005,0.2984040379524231,0.3433053493499756,0.327442467212677,0.2877920866012573,0.23750653862953186,0.4250336289405823,0.37197986245155334,0.29976755380630493,0.2878330647945404,0.18963968753814697,0.23976945877075195,16.805914451499433,5.793407485212963,11.687080366010871,3.900852673427184,16.234371054354593,3.9553993706709916,21.01608467098963,4.386355311335922,21.16836172810338,4.004987565627595,27.890299704091355,5.09908894989029,39.049028733997,6.252090765059218,945.2734431617409,279.4762634331704,0.12340211123228073,0.06006027013063431,0.8481012582778931,0.481078177690506,0.25865012567843076,0.2911138723539509,0.9816346790205163,81201.625,8342.2548828125,9.733774158267359,0.9068361244372017,0.09316387556279827
Vol-06 La Fiesta De Buenos Aires,12 Inolvidable.mp3,-262.26910400390625,64.39656066894531,215.39027404785156,47.10609817504883,-8.539326667785645,24.316171646118164,-32.13340377807617,10.458361625671387,20.141584396362305,11.873414993286133,-2.425281286239624,10.812204360961914,-26.454702377319336,10.5679292678833,-7.844842433929443,8.098532676696777,-1.4572340250015259,7.574375152587891,-7.216433048248291,8.901695251464844,-0.716166615486145,8.915885925292969,1.0617187023162842,7.993561744689941,-5.054474830627441,8.43493938446045,-2.5473771980699667e-09,4.7530598640441895,1.2736885990349833e-09,2.649113655090332,0.0,3.008992910385132,4.776332107603309e-10,1.12191641330719,-9.552664215206619e-10,1.5116890668869019,3.1842214975874583e-10,1.3724441528320312,9.552664215206619e-10,1.205301284790039,5.572387551389113e-10,1.0728946924209595,-1.1940830269008273e-10,1.0968602895736694,-4.776332107603309e-10,1.168296456336975,-7.16449843896072e-10,1.1366171836853027,3.1842214975874583e-10,1.0705446004867554,0.0,1.1186522245407104,0.2949397563934326,0.30017054080963135,0.19065287709236145,0.22422324120998383,0.19533362984657288,0.23776288330554962,0.30831074714660645,0.28673216700553894,0.4101777672767639,0.3675905466079712,0.2830830216407776,0.2606765627861023,0.3528081476688385,0.3203631639480591,0.4132108986377716,0.3420993983745575,0.27039042115211487,0.23769022524356842,0.2700202167034149,0.3129434883594513,0.22784550487995148,0.2217617779970169,0.3531220555305481,0.3313668370246887,14.616869295792917,5.449208319151365,12.291219659137116,3.850737690497831,15.880775440571432,3.8883262840777237,19.684198236647738,4.175499359484976,21.297756869390685,3.789134502307531,35.94397584579704,7.715932160473441,30.81498583463599,5.3122842192461,831.1157372622964,229.8538266362154,0.1156841367483139,0.06209351867437363,0.828315258026123,0.47812655568122864,0.2536657568817969,0.28520637122669656,0.9815525876460768,73379.9453125,7732.412109375,9.489916506588163,0.904670356587495,0.09532964341250504
Vol-06 La Fiesta De Buenos Aires,14 Valsecito De Antes.mp3,-276.3694763183594,66.87508392333984,224.26272583007812,48.68585205078125,6.24828577041626,27.15886878967285,-24.58509635925293,10.302446365356445,12.22663402557373,11.952811241149902,-10.350898742675781,11.864617347717285,-24.73410415649414,10.122773170471191,-8.778602600097656,9.473868370056152,-9.176733016967773,8.345848083496094,-14.287962913513184,8.550765037536621,-7.279317378997803,8.147054672241211,-5.913239479064941,7.963359832763672,-9.922527313232422,8.408130645751953,0.0,5.4325480461120605,1.2734759913257676e-09,2.823965549468994,-6.367379956628838e-10,3.1259217262268066,-9.551069934943257e-10,1.2209631204605103,1.1142914368988954e-09,1.5194599628448486,-1.2734759913257676e-09,1.4511141777038574,6.367379956628838e-10,1.2062599658966064,1.5918449891572095e-10,1.162051796913147,4.775534967471629e-10,1.1362155675888062,-4.775534967471629e-10,1.0628831386566162,1.5918449891572095e-10,1.0922883749008179,-3.979612472893024e-10,1.029517650604248,2.3877674837358143e-10,1.0369148254394531,0.3326588571071625,0.3211727738380432,0.2126057744026184,0.20360073447227478,0.2774190604686737,0.31561756134033203,0.3162376582622528,0.23996661603450775,0.4350966215133667,0.3737078607082367,0.2982180118560791,0.28807416558265686,0.1250344067811966,0.1406613141298294,0.2194431722164154,0.23224973678588867,0.3935249447822571,0.33614611625671387,0.39619407057762146,0.33330437541007996,0.24234294891357422,0.2043682187795639,0.3364027738571167,0.31677520275115967,18.95686694697363,5.925026908000733,11.98301989417354,4.043586013263434,16.117979635002673,3.8258193847077027,20.223067576427425,4.475025608937746,21.09158169355036,4.2560896502956025,28.733553768911545,5.486739379895948,34.238771984671644,5.741316067917545,731.0925480387759,236.57405225175273,0.1399560272693634,0.06948689371347427,0.8007612228393555,0.5071290731430054,0.2473000237914852,0.28136605003298876,0.9818060423969287,106112.171875,10283.16796875,10.319015715533311,0.911653095540129,0.08834690445987102
Vol-09 La Fiesta De Buenos Aires,11 Flores Del Alma.mp3,-288.2061767578125,80.8994140625,179.86703491210938,47.990482330322266,-28.947296142578125,33.92253875732422,5.387070655822754,21.224496841430664,21.172115325927734,20.997295379638672,-3.4424211978912354,19.641939163208008,10.794838905334473,14.95373249053955,-5.055282115936279,14.918547630310059,-15.11220932006836,14.81766414642334,-7.123942852020264,14.325530052185059,-11.568004608154297,14.978422164916992,3.302335262298584,13.625374794006348,7.44767427444458,14.759989738464355,0.0,7.143268585205078,-9.586472726752504e-10,4.857442855834961,1.4379709645240268e-09,3.452157735824585,-2.9957727409879453e-09,2.6111910343170166,-4.793236363376252e-10,2.2238097190856934,1.198309090844063e-10,2.2928855419158936,-1.198309090844063e-10,1.914459466934204,-1.0185627896674987e-09,1.900224208831787,1.677632810448415e-09,1.8850845098495483,-2.396618181688126e-10,1.8905277252197266,-1.198309090844063e-10,1.8647687435150146,1.917294545350501e-09,1.7771515846252441,9.586472726752504e-10,1.75794517993927,0.33898603916168213,0.33082693815231323,0.30200791358947754,0.25812557339668274,0.4131571352481842,0.35472169518470764,0.3396565020084381,0.3026837408542633,0.28347688913345337,0.29309937357902527,0.28114569187164307,0.304210364818573,0.2841377258300781,0.2756683826446533,0.3160339295864105,0.3172264099121094,0.27477186918258667,0.25973600149154663,0.3492414951324463,0.31384509801864624,0.35644322633743286,0.3086360991001129,0.32521477341651917,0.28057464957237244,20.754748410108153,5.816043570651498,15.330482552163291,4.634940888679158,20.337201027268392,4.939578829370844,24.42483449632815,5.186281409545521,22.599980314939813,5.209358654434114,24.632265853364945,7.86123420319363,48.40444975651044,9.024112235122296,1205.637377674254,364.513922228635,0.0917321965098381,0.04986920952796936,1.0043365955352783,0.7035407423973083,0.23791337714226618,0.27109942262873593,1.0,61242.3515625,9156.865234375,6.688135076248076,0.8699294445164698,0.1300705554835302
Vol-09 La Fiesta De Buenos Aires,12 Soñar y Nada Mas.mp3,-263.2451171875,74.61088562011719,178.0470428466797,38.56297302246094,-18.813274383544922,30.861637115478516,9.853404998779297,14.649417877197266,-7.3470139503479,16.307649612426758,5.759968280792236,13.205001831054688,7.20156717300415,11.243803024291992,-12.10256576538086,12.455254554748535,4.724089622497559,10.8090238571167,-16.64572525024414,11.80237865447998,-11.757235527038574,11.006688117980957,10.252522468566895,10.287273406982422,-8.103906631469727,10.682458877563477,3.795954661711676e-09,5.94430685043335,2.846965996283757e-09,3.060016393661499,-1.1862358872960499e-09,3.273399591445923,-1.1862358872960499e-09,2.1331584453582764,9.48988665427919e-10,1.9367350339889526,4.744943327139595e-10,1.5071804523468018,1.1862358317848987e-10,1.538980484008789,-1.1862358317848987e-10,1.5099698305130005,2.3724716635697973e-10,1.406096339225769,4.744943327139595e-10,1.3530023097991943,2.3724716635697973e-10,1.3296483755111694,-8.303651100050047e-10,1.3420554399490356,-3.558707495354696e-10,1.2917532920837402,0.1968979835510254,0.22443163394927979,0.27391815185546875,0.27066075801849365,0.38060736656188965,0.34765177965164185,0.29999491572380066,0.26793187856674194,0.35258474946022034,0.32565557956695557,0.3729516565799713,0.3227100074291229,0.3017657697200775,0.27208566665649414,0.31258752942085266,0.3255201280117035,0.3239014148712158,0.2785472273826599,0.44754961133003235,0.3575073778629303,0.3146812319755554,0.30085325241088867,0.20634938776493073,0.23099221289157867,19.489321297741323,5.672512642190355,13.292624788670535,4.329919055681376,17.57198907008348,4.073764335190789,20.717788126857574,4.607619536822247,22.81137570475057,4.510326270647909,22.646394436577808,4.4486993607783605,53.64874173844548,7.86641716348262,1907.3240863354176,507.95414107889115,0.09090626239776611,0.04971930384635925,1.0377733707427979,0.6180278658866882,0.2600050634210486,0.2921636658001006,0.9861931712171155,64756.953125,6895.33984375,9.391408486370153,0.9037666547983706,0.09623334520162938
Vol-09 La Fiesta De Buenos Aires,13 A Magaldi.mp3,-280.6307373046875,63.7475471496582,202.77845764160156,44.2360954284668,4.8621602058410645,27.94017791748047,-7.079092502593994,15.273837089538574,15.582395553588867,14.37610149383545,0.9195401072502136,13.512149810791016,1.2843241691589355,13.535192489624023,2.484096050262451,10.003305435180664,-3.899428129196167,10.571621894836426,-9.848889350891113,8.919392585754395,-5.781875133514404,10.414892196655273,8.065750122070312,9.7030029296875,4.065564155578613,9.722352981567383,2.0694093105788625e-09,6.181814670562744,2.0694093105788625e-09,3.920908212661743,1.810733119000929e-09,3.123512029647827,-2.586761638223578e-10,2.1478700637817383,0.0,1.6005152463912964,1.6813950232119623e-09,1.7220613956451416,6.466903679225311e-10,1.7435802221298218,9.053665595004645e-10,1.3418622016906738,4.5268327975023226e-10,1.3410496711730957,-4.5268327975023226e-10,1.1823641061782837,1.0023700758310383e-09,1.2631690502166748,2.586761638223578e-10,1.2493913173675537,1.0347046552894312e-09,1.2540756464004517,0.42640385031700134,0.3302135169506073,0.3678648769855499,0.2683508098125458,0.4087110459804535,0.3245152533054352,0.3298954963684082,0.26541411876678467,0.29594990611076355,0.2936153709888458,0.31363147497177124,0.2832159101963043,0.40855535864830017,0.30541476607322693,0.4657457172870636,0.3276022970676422,0.35436907410621643,0.2609248757362366,0.3786884546279907,0.31129127740859985,0.36950069665908813,0.2786548435688019,0.3955405652523041,0.3019133508205414,15.645014233511093,5.671674365216606,12.415504899703787,3.975663079219999,16.617375344446394,4.057520015146507,19.516161394683714,4.445765270437025,22.154758562915497,4.418482089398915,26.531404733202585,7.046455065582745,45.426194199398736,6.913370979771065,1149.3606482693247,335.10214802968454,0.09647052735090256,0.053616926074028015,0.9174546003341675,0.623174786567688,0.23676688014822897,0.26966391909405135,1.0,55548.52734375,11155.4521484375,4.979495820035449,0.8327618197090617,0.16723818029093823
Vol-09 La Fiesta De Buenos Aires,14 Mi Cariñito.mp3,-256.3265075683594,69.07355499267578,202.69525146484375,44.73622131347656,-18.110797882080078,28.946035385131836,0.3666623532772064,11.895755767822266,26.050752639770508,14.436683654785156,-21.623178482055664,13.438232421875,-17.341928482055664,10.70301628112793,-1.0056815147399902,8.741659164428711,-13.58665657043457,9.446242332458496,-14.443703651428223,9.329238891601562,-9.705366134643555,8.472129821777344,-7.169135093688965,7.791266918182373,-4.3466386795043945,8.163982391357422,-7.169921989458317e-09,5.30885124206543,2.3899739964861055e-09,3.4354135990142822,2.2406005939501483e-09,2.8539047241210938,1.34436040077901e-09,1.9140796661376953,5.974934991215264e-10,1.6837180852890015,-8.962402486822896e-10,1.6705700159072876,-5.974934991215264e-10,1.4764301776885986,7.46866873901908e-11,1.296897292137146,7.468669016574836e-10,1.3319157361984253,-2.987467495607632e-10,1.3025197982788086,0.0,1.1842949390411377,7.46866873901908e-11,1.1391997337341309,1.232330348877042e-09,1.1926153898239136,0.38843172788619995,0.3266243636608124,0.3540329337120056,0.2886558473110199,0.341438353061676,0.3295935094356537,0.2605867087841034,0.24094605445861816,0.36793947219848633,0.31882908940315247,0.3683781027793884,0.31447821855545044,0.25675541162490845,0.24034270644187927,0.23665615916252136,0.27022987604141235,0.25874340534210205,0.2347641885280609,0.3963271975517273,0.3269864022731781,0.3940609395503998,0.3340076506137848,0.35880914330482483,0.29799771308898926,18.552749603145212,5.5243071492780444,11.42291382387624,3.8915170223800932,16.35753682135058,4.073922972946287,19.25311672005701,4.375027055301456,19.713614357386152,3.9721049439912752,27.690974574578803,5.766233772430899,40.940791642368374,6.6475415641515125,1118.2931938000079,315.3978545759614,0.11521942168474197,0.059883151203393936,0.9168098568916321,0.5702306032180786,0.24797460499979337,0.2791661110777487,0.985746730362597,68688.6015625,11862.822265625,5.790241143672829,0.8527298252239829,0.14727017477601714
Vol-11 La Fiesta De Buenos Aires,11 Pabellon De Las Rosas.mp3,-274.27557373046875,80.12384796142578,193.37255859375,41.33171463012695,-22.123756408691406,34.24470520019531,16.46788787841797,15.258512496948242,27.993511199951172,11.965961456298828,-13.417190551757812,11.38731861114502,-8.167802810668945,8.48547649383545,-1.3477199077606201,10.53506851196289,-2.160468339920044,8.62218189239502,-3.2171499729156494,8.932029724121094,-0.6859171986579895,8.907163619995117,1.5353838205337524,8.895302772521973,-3.3839335441589355,8.566851615905762,2.0599106864693795e-09,6.748259544372559,2.0599106864693795e-09,3.194856643676758,-1.0299553432346897e-09,3.4966487884521484,5.149776716173449e-10,1.9307119846343994,7.724665351815929e-10,1.418790578842163,-1.287444262310089e-09,1.3480778932571411,-2.5748883580867243e-10,1.1258889436721802,-6.437220895216811e-11,1.3626314401626587,7.724665351815929e-10,1.204971432685852,-2.5748883580867243e-10,1.179203748703003,-1.9311663379539823e-10,1.207992672920227,6.437220895216811e-11,1.1976975202560425,2.5748883580867243e-10,1.127174973487854,0.23881635069847107,0.2336980253458023,0.3100872337818146,0.29535549879074097,0.3159821927547455,0.31224367022514343,0.23575305938720703,0.2162359356880188,0.31041860580444336,0.3138536214828491,0.27694210410118103,0.2669210433959961,0.3294036090373993,0.2998977303504944,0.39189398288726807,0.3338869512081146,0.38781943917274475,0.2832937240600586,0.47715869545936584,0.36733710765838623,0.34498539566993713,0.2680591642856598,0.285309374332428,0.2986074984073639,12.449415851298225,4.929395554343399,11.623583119803564,3.701023744990063,17.23621567702809,4.107593898157974,21.335156520603118,4.534782494883518,20.633027308092586,4.297129140545491,24.62825009436354,4.580393727322663,45.59380174674848,7.660891717190257,1253.3998430994882,336.24995648738707,0.08947723358869553,0.05293475091457367,0.8980887532234192,0.6442685723304749,0.23208755649901702,0.2641222441155813,0.9851501856226798,58670.484375,6083.7490234375,9.643804198525176,0.9060486287281984,0.09395137127180166
Vol-11 La Fiesta De Buenos Aires,13 Valsecito Criollo.mp3,-267.05316162109375,73.17315673828125,184.2792205810547,44.767757415771484,-17.93062973022461,30.879615783691406,7.435413837432861,11.031752586364746,34.82305145263672,12.300254821777344,-12.901424407958984,12.799287796020508,-10.386026382446289,9.056351661682129,4.2093329429626465,8.188523292541504,-7.609297752380371,9.0244722366333,-3.058288335800171,8.767655372619629,1.0017372369766235,8.053092956542969,-4.6549153327941895,8.455391883850098,-0.796777606010437,9.081148147583008,0.0,7.768929958343506,0.0,3.8240466117858887,-6.7008483206620895e-09,4.548904895782471,-5.584040452255579e-10,1.578724980354309,6.381760120355295e-10,1.5319764614105225,4.78632022904435e-10,1.8681988716125488,5.584040452255579e-10,1.2827916145324707,-9.5726404580887e-10,1.2296273708343506,4.387460394994491e-10,1.3936314582824707,-2.393160114522175e-10,1.2130701541900635,6.780620509516666e-10,1.1551363468170166,-5.185180063094208e-10,1.2381346225738525,2.393160114522175e-10,1.2869946956634521,0.35318633913993835,0.30037638545036316,0.2417949140071869,0.24264824390411377,0.2440364807844162,0.26824092864990234,0.33125442266464233,0.2530599534511566,0.4814470708370209,0.3788369596004486,0.3331778049468994,0.2409147173166275,0.3669877052307129,0.31885790824890137,0.36490240693092346,0.31551703810691833,0.24826081097126007,0.2288319617509842,0.2793147563934326,0.2936648428440094,0.3040218651294708,0.24179789423942566,0.42920735478401184,0.33966487646102905,13.464025999792733,5.153387415528076,11.927258768829573,3.814176132600331,16.592307714835137,4.054574298567408,20.49893353035848,4.439618276732923,20.388237152256966,4.0750687565852095,26.410841260869628,5.763247624551785,41.0700612464396,7.280913407278427,1179.8586869892601,302.0520692636275,0.08913681656122208,0.05059802904725075,0.9851529598236084,0.7377851009368896,0.2187426758006667,0.25158109735821793,0.9815140108741113,41311.609375,7154.9208984375,5.773873668403753,0.8523739814244797,0.14762601857552027
Vol-12 La Fiesta De Buenos Aires,11 Pedacito De Cielo.mp3,-254.7382354736328,74.73468017578125,180.04380798339844,40.211997985839844,-14.46364974975586,29.826171875,19.839277267456055,13.39680290222168,18.240272521972656,12.82568645477295,-20.375537872314453,13.534899711608887,-14.562653541564941,8.360628128051758,-12.183856010437012,10.293402671813965,-7.8541483879089355,11.411264419555664,-10.392736434936523,8.65523624420166,-15.79568862915039,10.39223575592041,-7.624428749084473,7.897153854370117,-5.712436676025391,8.753191947937012,-2.0681469869998637e-09,6.019428730010986,0.0,2.8365988731384277,-2.585183844772132e-09,3.2839038372039795,6.462959334374574e-11,1.681296467781067,1.2925918668749148e-10,1.4636335372924805,5.170367467499659e-10,1.6506472826004028,0.0,1.0970958471298218,-2.5851837337498296e-10,1.388646125793457,-1.2925918668749148e-10,1.3038382530212402,2.5851837337498296e-10,1.0119881629943848,0.0,1.2397810220718384,1.9388879390902503e-10,1.090749979019165,1.9388879390902503e-10,1.1287461519241333,0.308803528547287,0.2951904833316803,0.29274770617485046,0.3011871874332428,0.2766304314136505,0.2859046459197998,0.2903338074684143,0.26197296380996704,0.37319451570510864,0.34841257333755493,0.34058257937431335,0.29225167632102966,0.312808096408844,0.32149752974510193,0.3024325668811798,0.2878968417644501,0.3420375883579254,0.31752946972846985,0.349772572517395,0.3328341841697693,0.2648247480392456,0.2544037699699402,0.3202447295188904,0.3288603127002716,18.055102902441316,5.590446442792426,12.05982435488245,4.142585613311642,17.73734246692007,4.385649975403798,20.55877769284317,4.666244712579494,19.60410696638984,3.9456932325235052,21.634724783791906,3.9135041323667066,48.58678124631161,6.898700474067693,1391.8615836236356,351.041698597578,0.11653514206409454,0.07144299894571304,0.9264536499977112,0.6692466139793396,0.23666350140526282,0.27079663473972354,0.9863106532935755,101299.6796875,10060.80078125,10.068749187071575,0.909655555194257,0.09034444480574295
Vol-12 La Fiesta De Buenos Aires,12 Temblando.mp3,-278.0333557128906,73.50647735595703,206.5126953125,44.70161056518555,-24.24370574951172,31.781917572021484,7.334547519683838,13.425453186035156,33.99004364013672,12.8555908203125,-18.022624969482422,16.584871292114258,-15.99817180633545,9.8692626953125,-6.61669397354126,9.348943710327148,-16.752840042114258,11.454330444335938,-10.488965034484863,8.701159477233887,-10.938743591308594,10.6290864944458,-13.881488800048828,8.84319019317627,-4.25628137588501,9.728126525878906,-1.894795653711867e-09,4.828060626983643,0.0,2.3928027153015137,-2.6053439405870904e-09,3.1175966262817383,-1.184247283569917e-10,1.632897138595581,2.368494567139834e-10,1.3877326250076294,5.921236279071707e-10,1.6685128211975098,-2.368494567139834e-10,1.1998108625411987,-3.5527417119318727e-10,1.181472897529602,-1.835583240961114e-09,1.1714659929275513,-4.736989134279668e-10,1.058821439743042,3.256679925733863e-10,1.1785475015640259,1.7763708559659364e-10,1.0304263830184937,2.368494567139834e-10,1.1925926208496094,0.27958062291145325,0.2559942305088043,0.3019094467163086,0.3031671345233917,0.30961814522743225,0.28015875816345215,0.36921754479408264,0.3264118731021881,0.3647751212120056,0.30469629168510437,0.37908339500427246,0.28840872645378113,0.4585481584072113,0.3552432656288147,0.32070037722587585,0.2596701383590698,0.24730361998081207,0.29356810450553894,0.22966566681861877,0.22842934727668762,0.3278432786464691,0.31142574548721313,0.36188846826553345,0.3295379877090454,21.58561578083873,5.911203168824018,11.975426335217476,4.151241487152471,17.037195845238383,4.306513046111523,19.029566620440814,4.590563994050227,19.426712473148484,3.960326231339398,24.441222785177477,4.666744815193625,41.548727139277055,6.2740515168937305,1127.243558627217,336.69851098276456,0.1078871488571167,0.0537436306476593,0.8481104373931885,0.5151187777519226,0.2543066799702697,0.28472836382936995,0.9886998634049422,89707.765625,6762.51318359375,13.265447798702448,0.9299005531329372,0.07009944686706278
Vol-12 La Fiesta De Buenos Aires,13 Tu Diagnostico.mp3,-246.11380004882812,75.7522964477539,186.666259765625,43.07262420654297,-25.553668975830078,27.147727966308594,17.33934783935547,10.677536964416504,11.94675064086914,10.326412200927734,-13.645761489868164,11.162832260131836,-4.598984241485596,7.650056838989258,-12.551494598388672,8.77385425567627,-5.123241424560547,8.41999626159668,-8.536848068237305,7.22999906539917,-12.065135955810547,8.916156768798828,-4.99183464050293,7.176721572875977,-9.426982879638672,7.86273193359375,2.6052227042328013e-09,5.890966415405273,0.0,2.569683790206909,-3.4193547993055518e-09,3.1743392944335938,8.141320950727504e-10,1.5587491989135742,8.141320950727504e-10,1.3510675430297852,1.6282641901455008e-10,1.3541470766067505,6.513056760582003e-10,1.0512624979019165,-4.884792570436503e-10,1.1789512634277344,1.1804914823443369e-09,1.1230132579803467,5.291858617972878e-10,1.0094267129898071,4.070660475363752e-10,1.0570820569992065,1.2211981426091256e-10,1.0186398029327393,-8.141320950727504e-11,1.00648033618927,0.29462411999702454,0.3050028383731842,0.2897411584854126,0.2605647146701813,0.31974145770072937,0.31656619906425476,0.2380034327507019,0.2366611659526825,0.2944645583629608,0.29212650656700134,0.3083924949169159,0.3006674647331238,0.3081203103065491,0.2601473927497864,0.401894748210907,0.3640756905078888,0.3833537697792053,0.2764056921005249,0.45102009177207947,0.35884588956832886,0.31988707184791565,0.2835443615913391,0.238636314868927,0.23871637880802155,18.33669817496261,5.921536306262651,10.894805469230853,3.6542213248189532,17.02182775939163,4.221115411356827,19.58440116217888,4.452068561562214,19.51492700152819,3.725724481533362,20.939624513644585,3.9512395383050696,48.56318370354079,7.8328590249459324,1468.7870303582645,369.34222524519964,0.10497906059026718,0.056732501834630966,0.9486420154571533,0.6008485555648804,0.24938323244535912,0.2833835639440263,0.9812190541232713,58450.08203125,6836.0576171875,8.550261759686222,0.8952908281298402,0.10470917187015985
Vol-12 La Fiesta De Buenos Aires,14 Acordandome De Vos.mp3,-268.4788513183594,75.06658935546875,195.1387939453125,46.81674575805664,-6.708293914794922,33.953636169433594,5.31964111328125,16.91852378845215,29.158424377441406,15.06199836730957,-6.947990417480469,12.833927154541016,-11.115816116333008,9.551612854003906,-2.851016044616699,8.956130027770996,-5.175237655639648,10.80570125579834,-6.375663757324219,8.561182022094727,-9.167252540588379,10.926130294799805,-6.452404499053955,8.835342407226562,-2.4813497066497803,9.062418937683105,2.1483688161794134e-09,6.422786235809326,0.0,3.5376222133636475,-2.9540070389799666e-09,3.7355456352233887,4.028191391558522e-10,2.0679802894592285,-2.685461020224267e-10,1.693267583847046,-4.028191391558522e-10,1.624680995941162,0.0,1.3238850831985474,3.3568262752803335e-11,1.2341572046279907,1.0741844080897067e-09,1.2887715101242065,4.028191391558522e-10,1.0977603197097778,1.6112765566234089e-09,1.2717294692993164,8.727747968784172e-10,1.0868597030639648,5.370922040448534e-10,1.2195695638656616,0.34618011116981506,0.307259202003479,0.3221641778945923,0.2910386621952057,0.3149353563785553,0.3016018271446228,0.3233779966831207,0.2680853009223938,0.384630411863327,0.33284473419189453,0.34515514969825745,0.28055647015571594,0.3262893259525299,0.3145950734615326,0.31676098704338074,0.2764345705509186,0.375693678855896,0.3255741596221924,0.3748321235179901,0.32923415303230286,0.2921929955482483,0.2700721025466919,0.3442566692829132,0.3255135715007782,15.84363391409799,5.567245394669818,11.529560936954155,3.8761324564321487,17.206394137807084,4.256161973386442,19.729335927151006,4.462520424322295,20.081107882648954,4.1777333015604565,23.34290626871219,4.989531236519248,43.66201656524226,6.834967500449473,1210.2940231811865,382.5880652438052,0.10913735628128052,0.06761658191680908,0.8983844518661499,0.6329373717308044,0.2393141750130716,0.2731085346517998,0.9855684618092221,81195.4765625,12088.7451171875,6.716617463218588,0.8704095408685839,0.12959045913141606
Vol-13 La Fiesta De Buenos Aires,12 La Serenata.mp3,-235.73377990722656,78.77417755126953,205.68853759765625,45.075992584228516,-30.29623031616211,32.082916259765625,-4.339718818664551,18.508729934692383,21.294492721557617,16.264324188232422,-16.459230422973633,14.21084976196289,-19.865629196166992,12.174797058105469,-8.04843521118164,12.443798065185547,-6.1704277992248535,10.153337478637695,-10.336065292358398,9.237879753112793,-7.191313743591309,10.826436996459961,-7.428104877471924,9.062252044677734,-11.064361572265625,9.451171875,-4.626679483976659e-09,6.524718761444092,2.3133397419883295e-09,2.8269288539886475,0.0,3.6238574981689453,2.0241723852620908e-09,1.9561065435409546,-8.675024032456236e-10,1.78309965133667,1.8072966456728068e-09,1.6696416139602661,2.891674677485412e-10,1.3753148317337036,1.445837338742706e-09,1.501991868019104,3.9760528203203194e-10,1.2897499799728394,1.5904211281281277e-09,1.1500604152679443,2.891674677485412e-10,1.1412591934204102,-1.445837338742706e-10,1.1402274370193481,-3.2531341509489664e-10,1.1217230558395386,0.3756897747516632,0.35033032298088074,0.27889779210090637,0.24891477823257446,0.34398987889289856,0.30955034494400024,0.3322497010231018,0.31606030464172363,0.26916947960853577,0.2548803985118866,0.2930695116519928,0.32354986667633057,0.30898401141166687,0.2605704069137573,0.44601982831954956,0.36258381605148315,0.324226438999176,0.29593440890312195,0.210584357380867,0.2245180457830429,0.2630216181278229,0.28498247265815735,0.333171546459198,0.3071158826351166,20.82646327686967,6.076143963280084,12.899741629976065,4.206456906934634,16.326738864926103,4.017226757482928,20.08800713552831,4.578676169348555,19.035075571599975,3.7886009949906834,31.117320745306152,9.384293388443362,43.57851190486565,7.816547750390401,1110.84429498518,332.84229196684237,0.1540294736623764,0.07483724504709244,0.9476381540298462,0.6925542950630188,0.2283328351487114,0.26150578525686247,0.9845360824742269,146441.484375,13287.986328125,11.020592643525365,0.916809426152659,0.08319057384734094
Vol-13 La Fiesta De Buenos Aires,13 Marisabel.mp3,-246.87887573242188,77.9445571899414,208.79254150390625,48.60831069946289,-23.190479278564453,37.63616943359375,-18.748498916625977,15.792354583740234,30.116031646728516,16.755434036254883,-2.586965322494507,16.889892578125,-16.519163131713867,11.46316146850586,-2.8694164752960205,9.776344299316406,-5.705901145935059,10.60452651977539,-9.236485481262207,9.73425006866455,-5.504744052886963,9.533869743347168,-4.192928791046143,9.718650817871094,-4.593372344970703,9.491612434387207,-4.922190210976396e-09,6.051211357116699,1.230547552744099e-09,3.160309314727783,-1.230547552744099e-09,3.743617057800293,3.0763688818602475e-10,1.808964729309082,9.229106368024986e-10,1.6432820558547974,-4.614553184012493e-10,1.6362740993499756,1.5381843576633969e-09,1.4040480852127075,-3.0763688818602475e-10,1.2388120889663696,2.3072765920062466e-10,1.2950552701950073,-1.230547552744099e-09,1.2243233919143677,4.614553184012493e-10,1.190740704536438,3.0763688818602475e-10,1.2133666276931763,6.152737763720495e-10,1.1572554111480713,0.2526569664478302,0.26161184906959534,0.3428637683391571,0.2886236608028412,0.45396047830581665,0.36453694105148315,0.33842596411705017,0.28492921590805054,0.308165043592453,0.2876473069190979,0.36644208431243896,0.3283877670764923,0.26616567373275757,0.2395062893629074,0.30108627676963806,0.3312969207763672,0.3028814494609833,0.2500637471675873,0.41624581813812256,0.35431596636772156,0.30328568816185,0.2650938630104065,0.21690945327281952,0.23766924440860748,12.93592692444415,5.199436739430764,11.614199396954387,4.02431500058883,16.77610458257842,4.365124324566777,19.234932814519038,4.5919737648986825,20.62882032089596,4.4350404844965,43.869940482601514,13.316274329678208,29.63503880323812,9.338171640444843,963.0968454190518,293.45214810362756,0.13284710049629211,0.08154567331075668,0.8649841547012329,0.6121791005134583,0.23388218403083566,0.2667621925877461,0.9824193548387097,108666.0234375,13906.369140625,7.81411900825007,0.8865456662130391,0.11345433378696088
Vol-13 La Fiesta De Buenos Aires,14 Mi Romance.mp3,-232.18296813964844,75.84473419189453,213.6305389404297,45.45590591430664,-38.21478271484375,26.326459884643555,-4.180368423461914,17.024036407470703,19.27751922607422,13.102375984191895,-10.583637237548828,13.303983688354492,-7.566762924194336,9.343317985534668,-5.16884708404541,8.589734077453613,-8.298556327819824,8.93886661529541,-9.08905029296875,8.031633377075195,-11.298765182495117,10.169745445251465,-9.891071319580078,9.047173500061035,-5.494982719421387,8.285469055175781,2.5214887955371523e-09,6.570600986480713,1.2607443977685762e-09,2.4986722469329834,-1.4183374474896482e-09,3.392730712890625,3.1518609944214404e-10,2.3921821117401123,-9.455582983264321e-10,1.577363133430481,9.455582983264321e-10,1.8228929042816162,-2.3638957458160803e-10,1.2392431497573853,3.9398262430268005e-10,1.1982178688049316,-1.6547270220712562e-09,1.148410677909851,7.879652486053601e-11,1.0501772165298462,3.1518609944214404e-10,1.1758707761764526,-6.303721988842881e-10,1.0640666484832764,4.727791491632161e-10,1.058044672012329,0.30692896246910095,0.28647175431251526,0.368895024061203,0.30450835824012756,0.4082573354244232,0.3426225781440735,0.2846132814884186,0.2537367045879364,0.3394264876842499,0.30337607860565186,0.33980733156204224,0.3175148665904999,0.27484267950057983,0.24994254112243652,0.3025984466075897,0.3064402937889099,0.30969735980033875,0.2814274728298187,0.3774644434452057,0.3303317129611969,0.31602099537849426,0.2917056083679199,0.2720670700073242,0.27722546458244324,20.210919049646137,6.020260521561968,12.535193754018403,4.192621675712092,16.921052324675507,4.286349201426715,18.938612886521902,4.47946474645978,19.905225922040287,4.562608543676907,23.411942094747065,4.358888892893743,43.89700093252615,7.280919785716885,1256.6795876325375,361.66918346301776,0.14343994855880737,0.060130540281534195,1.0078747272491455,0.7187551259994507,0.2324059760456957,0.26577272191164564,0.9838882921589689,103233.125,12196.8837890625,8.463893465359885,0.8943352433477575,0.10566475665224248
Vol-14 La Fiesta De Buenos Aires,11 Esquinas Porteñas.mp3,-316.5424499511719,88.90260314941406,181.7828369140625,56.428646087646484,-7.352670192718506,45.245182037353516,-22.57757568359375,22.111103057861328,17.937843322753906,26.144189834594727,-2.458587169647217,19.384828567504883,-21.582246780395508,15.961966514587402,-10.428441047668457,12.948163986206055,-6.30847692489624,13.0165433883667,-8.567678451538086,12.37379264831543,-8.410221099853516,13.138769149780273,-8.481596946716309,11.048667907714844,-7.540008068084717,11.956279754638672,-6.205282065963047e-09,7.653432846069336,1.034213714667942e-09,5.179668426513672,-1.2927671155793519e-09,3.780879497528076,1.4220438160350568e-09,2.570189952850342,9.04937014212237e-10,2.225059986114502,-1.034213714667942e-09,1.9594279527664185,1.4220438160350568e-09,1.85414719581604,6.463835577896759e-10,1.531386375427246,1.2281288208626506e-09,1.4809587001800537,1.0988521204069457e-09,1.4780062437057495,-2.585534286669855e-10,1.4499093294143677,-1.9391506456134522e-10,1.4199014902114868,-3.2319177889483797e-10,1.4704668521881104,0.26676973700523376,0.29531264305114746,0.31589871644973755,0.2851807177066803,0.4068700969219208,0.3635559380054474,0.25167807936668396,0.2517288625240326,0.23599079251289368,0.29415977001190186,0.2466592937707901,0.2806442379951477,0.31400713324546814,0.32065826654434204,0.3176407814025879,0.33534032106399536,0.2454921454191208,0.2674551010131836,0.31249284744262695,0.31724005937576294,0.2963031828403473,0.3022978901863098,0.27780285477638245,0.30022892355918884,20.251587614945095,5.9491957637558,15.54203470128894,4.939962733404443,19.29777962727287,4.690133503580106,22.602991685118702,5.3473090429716565,25.15598409793867,6.063801584249455,41.211348738333434,14.05709427800582,34.08278105166315,7.065149638877021,930.4780429738943,345.12733070298526,0.10347601026296616,0.08012886345386505,0.8416470289230347,0.724966824054718,0.20893492150901505,0.24272608644404317,0.9871899145994306,93315.8984375,14790.2099609375,6.309301807341282,0.8631880272072464,0.13681197279275356
Vol-14 La Fiesta De Buenos Aires,12 El Espejo De Tus Ojos.mp3,-257.10302734375,73.58538055419922,195.45741271972656,46.691749572753906,-18.58623695373535,29.281827926635742,-5.124604225158691,13.331031799316406,24.475656509399414,15.162327766418457,-8.48095417022705,13.943914413452148,-11.502747535705566,9.158082962036133,-5.885970592498779,9.965389251708984,-7.811609745025635,9.710407257080078,-1.149481177330017,8.358701705932617,-1.0019667148590088,9.047371864318848,-4.2914958000183105,8.369430541992188,-3.5154998302459717,9.324049949645996,4.112326923433329e-09,5.11973762512207,1.0280817308583323e-09,2.7826149463653564,1.2851021635729154e-10,3.0301601886749268,1.4778674950477466e-09,1.71278715133667,0.0,1.5789278745651245,-8.995715283788286e-10,1.5848777294158936,-1.2851021635729154e-10,1.2233986854553223,-3.8553066294966243e-10,1.2971436977386475,-3.2127553395433495e-10,1.2303138971328735,-6.425510679086699e-10,1.0835597515106201,8.353164271390767e-10,1.1790395975112915,-2.152546141331868e-09,1.1000310182571411,-6.425510817864577e-11,1.1356967687606812,0.39377766847610474,0.3577783703804016,0.2947784960269928,0.273214191198349,0.32071274518966675,0.3144117295742035,0.2988431453704834,0.3015712797641754,0.23656341433525085,0.2610703706741333,0.26930123567581177,0.30460235476493835,0.29784268140792847,0.28065216541290283,0.40156233310699463,0.34220463037490845,0.35419905185699463,0.3192174732685089,0.26359790563583374,0.2776152789592743,0.27875563502311707,0.29967039823532104,0.31006932258605957,0.27811068296432495,13.20909785865937,4.940497356879697,12.440493824054949,4.348113670584212,16.992645431887528,4.262727582518874,20.231549210647298,4.7222689388956995,20.50989939794071,4.282036173879095,22.768060174429113,4.430131816829293,43.80362927229032,6.1738874055587525,1167.2221399529901,304.9018781448793,0.11421451717615128,0.06963154673576355,0.9331369996070862,0.5743619203567505,0.2523703742535572,0.2837429951074053,0.985042447109554,90473.984375,13249.787109375,6.828334948188289,0.8722589150031923,0.12774108499680764
Vol-14 La Fiesta De Buenos Aires,13 Tristeza Criolla.mp3,-262.5916442871094,80.251953125,205.79078674316406,46.02070236206055,-19.13020896911621,33.022518157958984,-4.22756290435791,12.5127592086792,16.13005256652832,12.52126407623291,-9.439452171325684,12.935147285461426,-7.161109447479248,8.48642635345459,-2.9346978664398193,9.043811798095703,-4.810221195220947,9.103318214416504,-0.933163046836853,8.498531341552734,1.8425933122634888,9.149725914001465,-0.6329050660133362,8.322347640991211,-1.4849107265472412,9.04203987121582,-5.884608356154786e-09,7.179451942443848,1.1769216712309571e-09,3.0305416584014893,5.884608356154786e-10,3.9504919052124023,1.5447096934906313e-09,1.9937292337417603,0.0,1.7311515808105469,8.826912534232179e-10,1.71770179271698,-1.4711520890386964e-10,1.2107288837432861,1.3240368801348268e-09,1.3465567827224731,-9.562488578751527e-10,1.2567793130874634,-7.355760445193482e-10,1.1312087774276733,7.355760445193482e-10,1.2152949571609497,-2.942304178077393e-10,1.1879695653915405,-1.0298064623270875e-09,1.21099054813385,0.2742618918418884,0.24618244171142578,0.32315462827682495,0.3071571886539459,0.31571757793426514,0.31207600235939026,0.232570618391037,0.23300102353096008,0.2663622796535492,0.30745038390159607,0.2830149531364441,0.26077115535736084,0.4060053527355194,0.3446365296840668,0.334212064743042,0.30513477325439453,0.26842477917671204,0.27607014775276184,0.29128798842430115,0.3034353256225586,0.3076138496398926,0.2787412106990814,0.38354071974754333,0.36257219314575195,13.036416814484728,4.720054197665577,12.445168806372552,4.203395399631849,16.642791955525656,4.211536935957673,20.518968702116123,4.488959228428257,20.74857449033148,3.930499363972156,22.809735138163628,3.9012621050591876,43.78243949052329,6.635159646010474,1171.6186029506537,308.8424592609909,0.10867766290903091,0.06346465647220612,0.9772937297821045,0.7478446364402771,0.22399883343608146,0.2572914742411933,0.9827998457385269,66506.6640625,12403.83984375,5.361780295479317,0.8428112959652819,0.15718870403471813
Vol-14 La Fiesta De Buenos Aires,14 Que Me Pasara.mp3,-261.1193542480469,75.67439270019531,195.3978729248047,45.04896545410156,-25.67350196838379,31.0564022064209,-11.029458999633789,13.243688583374023,13.348605155944824,13.618070602416992,-13.847606658935547,13.745182037353516,-12.823038101196289,9.0054292678833,-7.997003555297852,9.68868350982666,-9.815491676330566,10.892016410827637,-7.483587741851807,10.31918716430664,-5.942681789398193,9.322558403015137,-7.321106433868408,8.27077579498291,-9.66086196899414,8.27865982055664,-7.02253100115513e-09,6.907148838043213,-1.1704217595109867e-09,3.231921434402466,2.9260545097997692e-09,3.3945417404174805,1.4630271993887334e-10,1.8191993236541748,-1.828784124136007e-09,1.477406620979309,1.1704217595109867e-09,1.8056600093841553,6.583622536027178e-10,1.2611004114151,-6.583622536027178e-10,1.3070770502090454,-5.852108797554934e-10,1.2091176509857178,-5.852108797554934e-10,1.1827564239501953,-8.41240688220779e-10,1.1916788816452026,5.120595614194201e-10,1.1184422969818115,1.4630272548998846e-09,1.0857267379760742,0.33997228741645813,0.3551046550273895,0.24977371096611023,0.2435111701488495,0.288914293050766,0.343312531709671,0.2082112729549408,0.22929082810878754,0.2521524429321289,0.3033924698829651,0.25391870737075806,0.2780124247074127,0.22926045954227448,0.24867326021194458,0.30212315917015076,0.32665562629699707,0.2845820486545563,0.2697620689868927,0.37407955527305603,0.35170021653175354,0.3049350380897522,0.29061445593833923,0.28712478280067444,0.29473692178726196,17.831966320885513,5.783557294935603,12.810047055197085,4.399228666934295,17.60249575971561,4.544369979223525,21.220022478852595,4.9263967178204355,21.09444207211818,3.8844036763412553,22.991360444708455,4.480621687923957,45.068627279581655,6.806103704217372,1229.6175569587817,346.2734689207327,0.12082365155220032,0.07079565525054932,0.9368111491203308,0.734817385673523,0.22343107270433676,0.2576182324396087,0.9828948377694254,99125.1015625,9230.875,10.738429624764716,0.9148097290722528,0.0851902709277472
Vol-19 La Fiesta De Buenos Aires,12 Pobre Flor.mp3,-295.6290588378906,64.91827392578125,206.04428100585938,46.06471633911133,0.8610181212425232,31.033937454223633,-28.946460723876953,17.694272994995117,18.205488204956055,17.15430450439453,6.60978364944458,15.66535472869873,-10.184758186340332,14.981999397277832,2.9291107654571533,11.868886947631836,-2.2498509883880615,11.291186332702637,-17.897768020629883,11.889532089233398,-8.719274520874023,11.069025039672852,3.252228260040283,10.225040435791016,-4.858171463012695,10.318672180175781,2.168365709209752e-09,5.698145866394043,3.2525484527923254e-09,3.836535930633545,-2.168365709209752e-09,3.1100239753723145,-1.6262742263961627e-09,2.1226720809936523,2.71045713651219e-10,1.8816709518432617,0.0,1.7791736125946045,3.38807121247342e-10,1.718197226524353,2.0328427829952034e-10,1.4644297361373901,-1.355228484989368e-09,1.4223015308380127,5.42091427302438e-10,1.4052902460098267,-6.77614242494684e-10,1.3897242546081543,-1.084182854604876e-09,1.350311040878296,-6.77614242494684e-10,1.390098214149475,0.3759109675884247,0.36143946647644043,0.3553386628627777,0.2706372141838074,0.45602062344551086,0.36968985199928284,0.32000401616096497,0.29921627044677734,0.22004404664039612,0.25591856241226196,0.20733797550201416,0.24333980679512024,0.28708258271217346,0.2896701693534851,0.3494390845298767,0.33170342445373535,0.2742510437965393,0.26260918378829956,0.3769915699958801,0.3211168944835663,0.4010370373725891,0.3296910226345062,0.31429970264434814,0.26158761978149414,18.842276622381167,5.653917558574956,13.790181323091963,4.309967733201078,17.65615445407132,4.338428831347661,20.656502553192126,4.737458828311296,24.48818766711745,5.652923443252573,50.90799245885044,10.927970397181221,27.225306603683414,4.17061801369441,856.1898996808931,327.74068702879606,0.09616520255804062,0.054332487285137177,0.8707137703895569,0.6050136089324951,0.23353497238221843,0.2649773640458737,0.9914736393349439,58282.12109375,10022.1318359375,5.815341690553417,0.8532722135727874,0.14672778642721263
Vol-21 La Fiesta De Buenos Aires,11 Vibraciones Del Alma.mp3,-256.1028747558594,82.13011932373047,175.4916534423828,40.1190071105957,-11.377917289733887,34.86679458618164,19.685327529907227,20.478836059570312,1.1701551675796509,17.66720962524414,-9.370240211486816,11.666231155395508,1.617307424545288,10.721729278564453,-14.307188034057617,13.498641014099121,-4.8172383308410645,10.288952827453613,-6.029763698577881,10.12187385559082,-9.148038864135742,10.775458335876465,-2.195397138595581,9.957196235656738,-8.918965339660645,10.754697799682617,4.504088792600669e-06,6.1209611892700195,6.368016784108477e-06,2.572756290435791,6.357464826578507e-06,2.8121654987335205,6.3422435232496355e-06,2.319304943084717,6.3163488448481075e-06,2.0141258239746094,6.284572009462863e-06,1.3983800411224365,6.244516953302082e-06,1.3963791131973267,6.198943538038293e-06,1.6310908794403076,6.144061444501858e-06,1.2698535919189453,6.084449523768853e-06,1.2729051113128662,6.01795409238548e-06,1.2941644191741943,5.944788426859304e-06,1.189212441444397,5.862616944796173e-06,1.121762990951538,0.4012937843799591,0.37709006667137146,0.34235432744026184,0.3328855335712433,0.2225087285041809,0.21512609720230103,0.26294103264808655,0.3191954791545868,0.259736567735672,0.2806634306907654,0.27104899287223816,0.32687142491340637,0.1992081254720688,0.21670283377170563,0.2884856164455414,0.2987179756164551,0.34086382389068604,0.32947617769241333,0.2237689048051834,0.2207137942314148,0.24373677372932434,0.3075937032699585,0.24153636395931244,0.21917010843753815,17.961654993965222,5.574456969398704,12.034659521478634,4.251978040081021,18.44801045618535,4.549627576625084,22.819195545512283,5.261634796031978,25.286057786570975,5.3355897160172425,27.530785557996616,5.512776292043376,50.213982032213266,10.053487020091346,1413.5160471223178,528.2670016935257,0.10672350227832794,0.06273577362298965,0.8684558868408203,0.5883451104164124,0.2461055609316244,0.2808491625924396,0.9882996311840264,96015.4453125,6205.43310546875,15.4728032162466,0.9392938781048673,0.0607061218951327
Vol-21 La Fiesta De Buenos Aires,14 Corazon De Oro.mp3,-184.17556762695312,86.82270812988281,153.3645477294922,35.324951171875,-22.961748123168945,19.97907066345215,25.829696655273438,14.804963111877441,-10.895096778869629,13.950237274169922,4.304793357849121,10.045697212219238,-13.757648468017578,10.804381370544434,-1.8704155683517456,9.652275085449219,-12.739738464355469,9.446934700012207,-1.4696918725967407,9.019261360168457,-7.6226630210876465,9.182741165161133,-5.701212406158447,8.753520965576172,-4.3101911544799805,9.480393409729004,-1.027182006119176e-09,7.032460689544678,0.0,2.5895161628723145,0.0,2.2312445640563965,-6.419887954578485e-10,1.614773154258728,2.56795501529794e-10,1.914484977722168,1.28397750764897e-10,1.3183400630950928,0.0,1.373240351676941,-2.56795501529794e-10,1.2746940851211548,-2.56795501529794e-10,1.1953561305999756,8.345854007885123e-10,1.2000116109848022,-6.41988753824485e-11,1.1175106763839722,6.41988753824485e-11,1.1163605451583862,0.0,1.1160027980804443,0.42259418964385986,0.34009885787963867,0.2755938470363617,0.2241515964269638,0.31706666946411133,0.33931323885917664,0.2762604355812073,0.22053340077400208,0.3913460373878479,0.3640008866786957,0.24879702925682068,0.247426375746727,0.19507114589214325,0.21200606226921082,0.21792103350162506,0.24994125962257385,0.2695882320404053,0.2735450863838196,0.3214731216430664,0.3322947025299072,0.2782596945762634,0.23105399310588837,0.43306583166122437,0.3447059392929077,15.882473891401355,5.497579369861718,12.352732968759383,4.221884927950396,16.80400175394038,4.152666756273962,20.47105159805174,4.285291880939395,20.957666618500078,3.839108289306399,22.368747239352732,4.162356150110255,53.503513699698715,6.740072771308638,2614.7118797809617,644.0154556984278,0.13733594119548798,0.07249018549919128,1.067178726196289,0.7056979537010193,0.24978855186342994,0.2848336421259842,0.9945472904745877,138488.078125,10561.9765625,13.111947115722451,0.9291380564425531,0.0708619435574469
Vol-23 La Fiesta De Buenos Aires,14 Valsecito Amigo.mp3,-234.22640991210938,74.55525970458984,186.89707946777344,43.20363235473633,-15.340372085571289,25.402006149291992,31.935222625732422,13.755512237548828,11.900788307189941,11.519274711608887,-4.279982089996338,12.884552001953125,-13.407353401184082,9.826408386230469,-5.5580267906188965,8.693984031677246,-6.034255027770996,9.591625213623047,-7.418571472167969,8.132670402526855,-10.397400856018066,9.110493659973145,-8.46300983428955,7.640402793884277,-5.208961009979248,7.976358890533447,1.6728770788176917e-05,5.160728454589844,2.3641014195163734e-05,2.693336009979248,2.362124178034719e-05,3.0045173168182373,2.358333222218789e-05,1.7460910081863403,2.353382842557039e-05,1.482408046722412,2.347042209294159e-05,1.7082185745239258,2.3391110516968183e-05,1.3900549411773682,2.3299311578739434e-05,1.268694281578064,2.319391023775097e-05,1.2888859510421753,2.3072749172570184e-05,1.1026642322540283,2.2941107090446167e-05,1.1503862142562866,2.279482396261301e-05,1.0948995351791382,2.2633523258264177e-05,1.117753505706787,0.3382996618747711,0.3036021292209625,0.34263256192207336,0.3073315918445587,0.3549635410308838,0.3296720087528229,0.29677343368530273,0.25978484749794006,0.38042423129081726,0.33489853143692017,0.3410229980945587,0.3048652708530426,0.27665817737579346,0.26756751537323,0.30349233746528625,0.29784923791885376,0.3433320224285126,0.2807716131210327,0.44957083463668823,0.34414106607437134,0.3941766321659088,0.30814334750175476,0.35851168632507324,0.3188607096672058,19.062870843082507,6.017168344899371,11.559695630187333,4.020790768739452,17.537606585929503,4.293715499265022,20.165040917442344,4.871405180210029,19.26300182929334,3.9374990762512145,21.19418822545886,4.3364327923078365,47.93743555389068,6.266077197208153,1921.6123497071123,590.3094845220727,0.14417463541030884,0.06580115854740143,1.0120285749435425,0.5930151343345642,0.2571253788689506,0.287642017390734,1.0,115721.6796875,12852.1640625,9.004061815951472,0.9000406016678645,0.09995939833213549
Vol-25 La Fiesta De Buenos Aires,12 Francia.mp3,-266.3433837890625,85.5713882446289,192.3928680419922,47.215293884277344,-18.392227172851562,42.18869400024414,-6.199106693267822,16.14383316040039,33.55302429199219,14.340038299560547,-6.135157585144043,17.52610206604004,-16.176513671875,11.758971214294434,2.0047523975372314,9.141818046569824,-1.377173662185669,11.587701797485352,-5.261682987213135,9.738115310668945,-2.545614004135132,9.882516860961914,-2.761503219604492,10.072991371154785,-1.5256510972976685,9.647015571594238,2.6627812985680066e-05,7.516412258148193,3.764652501558885e-05,4.079833507537842,3.760432809940539e-05,4.101532459259033,3.75491326849442e-05,1.9459359645843506,3.746474249055609e-05,1.7534105777740479,3.735514837899245e-05,1.808359146118164,3.7227029679343104e-05,1.4803929328918457,3.707109863171354e-05,1.2323534488677979,3.6893150536343455e-05,1.352570652961731,3.6691744753625244e-05,1.358404278755188,3.6469056794885546e-05,1.3005684614181519,3.622005897341296e-05,1.2703611850738525,3.595039379433729e-05,1.2891404628753662,0.20987288653850555,0.266338974237442,0.23461155593395233,0.23771601915359497,0.3652186095714569,0.33745646476745605,0.29157304763793945,0.2784804403781891,0.32799863815307617,0.3092782199382782,0.39469602704048157,0.35609617829322815,0.2577025294303894,0.2270374447107315,0.3076252341270447,0.34143003821372986,0.2716887593269348,0.22423399984836578,0.4254348874092102,0.3599584102630615,0.3392137587070465,0.30913516879081726,0.20441149175167084,0.22363883256912231,12.262433372229431,5.042021802056138,11.883314174342338,4.018737338675875,19.60912025103121,4.509883925540084,22.910416635175938,4.9522899075560645,21.884177697831266,4.733741852797941,33.13246860885901,6.849851754054747,35.3842999319006,7.328552437226864,1035.456898194846,303.9954242260368,0.11908433586359024,0.08092766255140305,0.8561898469924927,0.641725480556488,0.22743878334613396,0.26077556061162654,0.987331189710611,123925.484375,11383.6396484375,10.88627962604296,0.9158693862620403,0.08413061373795967
Vol-25 La Fiesta De Buenos Aires,13 Penas De Amor.mp3,-289.5512390136719,72.2635498046875,195.4805145263672,52.71985626220703,24.913124084472656,30.23282814025879,-21.50738525390625,21.688936233520508,9.301188468933105,14.61030101776123,5.764871120452881,11.13967227935791,-15.555567741394043,13.861838340759277,-11.927921295166016,10.427496910095215,-5.295742511749268,10.605632781982422,-10.044975280761719,10.188305854797363,-8.056793212890625,9.696210861206055,-0.412395179271698,9.581171035766602,-1.0196412801742554,10.169116020202637,-3.7816083597874695e-09,6.5308122634887695,-9.454020899468674e-10,4.627012252807617,0.0,3.1081485748291016,-2.5998556640871584e-09,2.293855905532837,2.9543814616950215e-10,1.730165719985962,5.908762923390043e-10,1.3642836809158325,4.727010449734337e-10,1.5894187688827515,-9.454020899468674e-10,1.3036847114562988,1.1817526124335842e-10,1.331533432006836,-4.727010449734337e-10,1.2850401401519775,4.727010449734337e-10,1.2537790536880493,-6.499639160217896e-10,1.2226715087890625,-2.9543814616950215e-10,1.258908987045288,0.21623949706554413,0.24098050594329834,0.24505534768104553,0.2862372100353241,0.233524888753891,0.27507284283638,0.2667948007583618,0.22443218529224396,0.4550969898700714,0.39872610569000244,0.27968743443489075,0.250919371843338,0.2477276772260666,0.31436657905578613,0.21276071667671204,0.2546927332878113,0.30168262124061584,0.28433874249458313,0.361171692609787,0.3689729571342468,0.24896538257598877,0.2245684564113617,0.3033653199672699,0.34037962555885315,15.10645544031039,6.312029355296674,13.552426124502164,4.231241843091133,20.14567960849475,4.768900181842511,23.671970707696733,5.0797346315420295,23.234646752693013,5.250636838350592,32.99200972931779,7.083312106251968,28.21569992566406,4.633459819874354,692.0422947982132,294.09911577442216,0.13257482647895813,0.08465974032878876,0.7341915369033813,0.5558445453643799,0.22267843531527715,0.2544224299065756,0.9872986369268897,149420.875,15181.9521484375,9.84200671554469,0.9077661519461842,0.09223384805381586
Vol-25 La Fiesta De Buenos Aires,14 Orillas Del Plata.mp3,-273.3999328613281,79.81685638427734,197.9281463623047,48.25309753417969,-12.139108657836914,36.10111618041992,-13.05034351348877,16.517240524291992,33.29969024658203,15.769302368164062,-0.13687469065189362,14.974712371826172,-19.7326602935791,12.330148696899414,-1.2195208072662354,10.364200592041016,-2.448392152786255,10.413070678710938,-9.503523826599121,11.340483665466309,-0.3517172932624817,10.427160263061523,0.32359579205513,10.443253517150879,-9.662245750427246,10.935040473937988,5.235653688373532e-09,6.899147987365723,0.0,4.019029140472412,7.8534806435826e-10,3.768357515335083,1.3089133943378073e-10,1.9431085586547852,6.544567110466915e-10,1.7638285160064697,1.3743590709935916e-09,1.731588363647461,-6.544567110466915e-10,1.6403254270553589,7.8534806435826e-10,1.3393981456756592,1.0471307154702458e-09,1.3182260990142822,1.2434677731931743e-09,1.3850828409194946,-2.6178267886756146e-10,1.3390012979507446,-4.908425332850186e-10,1.2998991012573242,6.544567110466915e-10,1.2975366115570068,0.3297155797481537,0.2815144658088684,0.30354341864585876,0.30494457483291626,0.2876582443714142,0.2987115681171417,0.2062869668006897,0.21514448523521423,0.25847503542900085,0.3129037022590637,0.2472858726978302,0.22273831069469452,0.4222993850708008,0.35393139719963074,0.3549778461456299,0.3233763873577118,0.26153555512428284,0.25934016704559326,0.2854922115802765,0.29678094387054443,0.3219884932041168,0.26673969626426697,0.43392783403396606,0.36178913712501526,14.666694550110096,5.745470110883059,14.621145008357567,4.333684032388823,19.963470412941124,4.5537397981380545,23.923440983028975,4.937050605427215,24.8591829020986,4.983515621966692,42.65568274303053,11.239754864768031,31.29103256853792,7.6559821530400045,976.8868262699218,296.6650255145712,0.13149911165237427,0.08552753180265427,0.8321008682250977,0.6074231266975403,0.22820051052017998,0.2609959357128392,0.9871671699149053,145317.875,9617.2490234375,15.1101291695636,0.9379272512669066,0.06207274873309341
Vol-29 La Fiesta De Buenos Aires,11 Lo Mismo Que Ayer.mp3,-244.59629821777344,74.71643829345703,223.91732788085938,50.15671157836914,-14.508188247680664,34.09037780761719,-22.927072525024414,15.32297420501709,31.481605529785156,18.52912712097168,-3.2767534255981445,16.082685470581055,-20.316364288330078,13.077757835388184,5.938526153564453,11.052135467529297,0.5583575963973999,11.957537651062012,-12.898079872131348,10.026006698608398,-2.264814853668213,10.969371795654297,1.8100401163101196,9.305887222290039,-2.321878671646118,9.765090942382812,-4.338581049978529e-09,5.0419535636901855,0.0,2.9904675483703613,0.0,3.008333206176758,5.423226312473162e-10,1.7111811637878418,0.0,1.6781033277511597,6.779032890591452e-10,1.7245912551879883,8.134839468709743e-10,1.5354031324386597,5.762177957002734e-10,1.2418889999389648,-4.745323023414016e-10,1.3209482431411743,8.134839468709743e-10,1.1654930114746094,1.1524355914005469e-09,1.280500054359436,1.0168549335887178e-10,1.162497878074646,-7.456936179650597e-10,1.1839576959609985,0.34342700242996216,0.3186459541320801,0.3006608188152313,0.2858361303806305,0.34562915563583374,0.3401506543159485,0.3120914101600647,0.2799036502838135,0.3536815047264099,0.3357449471950531,0.3076384961605072,0.30248311161994934,0.29597708582878113,0.27371618151664734,0.3605642020702362,0.3413469195365906,0.28422003984451294,0.28020450472831726,0.24456091225147247,0.2844213843345642,0.21721796691417694,0.23814363777637482,0.31709834933280945,0.3163788914680481,12.471847629672551,4.699593997679499,12.41364149718025,4.380125184006909,17.384046206375942,4.539249685869223,20.722994157932117,4.929513192728195,21.459469824915203,5.284264007629767,52.05774248970767,10.532874748782897,22.958625952344267,3.984414012458624,928.3730544163944,409.87081292270005,0.15912221372127533,0.08306548744440079,0.8274659514427185,0.5305861234664917,0.24369452484079102,0.2754015872172255,0.9908302530565823,159965.984375,19070.30859375,8.388222119668603,0.8934835597993607,0.10651644020063931
Vol-29 La Fiesta De Buenos Aires,12 Mi Cariñito.mp3,-254.46331787109375,70.25981903076172,227.7093048095703,51.676876068115234,-14.60521411895752,25.024728775024414,-23.563186645507812,14.548999786376953,33.82821273803711,15.077086448669434,-6.002359390258789,13.403316497802734,-29.54351234436035,11.56948471069336,3.2657248973846436,9.983294486999512,5.335140228271484,9.871735572814941,-10.567401885986328,11.267386436462402,-1.4443869590759277,10.712474822998047,2.7933340072631836,8.436787605285645,-4.800483226776123,9.55803394317627,1.1919997211506939e-09,4.737428665161133,-1.1919997211506939e-09,3.0242409706115723,8.93999818618596e-10,2.683663845062256,4.46999909309298e-10,1.7392613887786865,-7.449998395969715e-10,1.6534488201141357,-2.9799993028767346e-10,1.5122886896133423,-1.266499793928233e-09,1.318086862564087,1.2292498130506146e-09,1.224848747253418,-1.4899996514383673e-10,1.2565852403640747,-5.959998605753469e-10,1.2197178602218628,-5.959998605753469e-10,1.2526119947433472,5.959998605753469e-10,1.1714476346969604,7.077498587193531e-10,1.2105680704116821,0.2856815457344055,0.30208826065063477,0.30167505145072937,0.278403639793396,0.3756569027900696,0.3560328483581543,0.30191415548324585,0.2541237473487854,0.4162675738334656,0.35261839628219604,0.34951505064964294,0.31905463337898254,0.25767549872398376,0.2479427456855774,0.3033769428730011,0.3203640282154083,0.2830488085746765,0.2657475173473358,0.3503745198249817,0.3360491394996643,0.2863999903202057,0.2921583652496338,0.25378164649009705,0.2553604245185852,12.489224456899905,4.803563316962779,11.281714089260205,4.078391869670804,15.863960481758225,4.2563555823048835,20.46734861444976,5.142302417315467,20.361518310555272,4.937176986423126,54.24078438967578,10.376994361306824,22.700360315572247,3.4824200921667647,931.6834281876866,367.8406457410535,0.1448524296283722,0.07154390215873718,0.8360769748687744,0.5016233325004578,0.24993931015662468,0.2810987928699021,0.9842199828138427,110058.953125,19046.599609375,5.778404302195099,0.8524726535305421,0.14752734646945784
Vol-29 La Fiesta De Buenos Aires,14 Tendras Que Llorar.mp3,-231.30441284179688,71.59577941894531,225.9111785888672,50.80324935913086,-23.425451278686523,28.8223934173584,-31.172212600708008,15.989973068237305,33.770084381103516,15.77222728729248,-1.9212068319320679,12.906847953796387,-26.052688598632812,11.169678688049316,5.132541179656982,9.791708946228027,4.506547451019287,9.855939865112305,-12.538161277770996,10.144800186157227,-0.20992422103881836,9.621782302856445,5.689992427825928,8.706343650817871,-4.914781093597412,9.521318435668945,2.128440312887392e-09,5.299525260925293,2.128440312887392e-09,3.3331568241119385,-5.32110078221848e-10,3.025735378265381,5.32110078221848e-10,1.7557507753372192,-1.064220156443696e-09,1.6037157773971558,-3.325688058275489e-10,1.4771928787231445,1.3302752233101955e-09,1.353554606437683,5.32110078221848e-10,1.2107670307159424,8.646788840493969e-10,1.1828811168670654,5.32110078221848e-10,1.1842455863952637,0.0,1.1333237886428833,-2.66055039110924e-10,1.0457384586334229,0.0,1.0982297658920288,0.3241640627384186,0.3282378017902374,0.29794517159461975,0.2583324611186981,0.4007153809070587,0.3474789261817932,0.30845245718955994,0.3081752061843872,0.22772465646266937,0.24710588157176971,0.2564588189125061,0.2749958038330078,0.3212512135505676,0.294188529253006,0.36088821291923523,0.33052951097488403,0.3125123977661133,0.28146252036094666,0.4052427113056183,0.3357797861099243,0.3677104115486145,0.31725987792015076,0.30043354630470276,0.2758411467075348,12.385590314265826,4.3449242946565905,11.978217256206632,4.040192117415985,16.676337997736518,4.254085191794884,19.532793446034955,4.516677479877428,18.965606888185594,4.3050549828388185,55.00551645015618,9.52835768715992,22.015815715817546,3.3020077062534763,931.7646158987425,370.36151973914747,0.16361215710639954,0.08478733152151108,0.8366912603378296,0.5350759625434875,0.24250699520649996,0.27380247160322185,0.9901659924675686,154476.828125,28476.984375,5.424620321125558,0.8443487786022497,0.1556512213977503
Vol-39 La Fiesta De Buenos Aires,12 Desde El Alma.mp3,-276.7254333496094,81.53089904785156,209.033935546875,49.118751525878906,-18.6541690826416,37.17338180541992,-5.09297513961792,13.7549409866333,39.178897857666016,15.6066255569458,-14.110445022583008,14.41490364074707,-25.13111686706543,11.862500190734863,3.531515121459961,9.778138160705566,-8.641314506530762,11.04240608215332,-16.70884132385254,10.343522071838379,-3.4905452728271484,9.861730575561523,-8.209806442260742,11.188323020935059,-13.543059349060059,11.842254638671875,0.0,5.288819313049316,1.9246706450815054e-09,3.2840170860290527,-9.623353225407527e-10,2.8637547492980957,-3.6087574595278227e-10,1.6138675212860107,9.623353225407527e-10,1.408193826675415,1.202919153175941e-10,1.4154629707336426,-4.811676612703764e-10,1.2645965814590454,7.217514919055645e-10,1.208007574081421,7.217514919055645e-10,1.2039124965667725,9.623353225407527e-10,1.2297699451446533,2.405838306351882e-10,1.1855847835540771,7.217514919055645e-10,1.1650712490081787,2.405838306351882e-10,1.2255313396453857,0.3312198221683502,0.28736966848373413,0.32425355911254883,0.28860896825790405,0.32282260060310364,0.3032391369342804,0.2243771255016327,0.2139984667301178,0.2561987042427063,0.29140934348106384,0.27611109614372253,0.23241686820983887,0.48961538076400757,0.35823512077331543,0.3998469114303589,0.30365845561027527,0.2566789984703064,0.24366208910942078,0.2680616080760956,0.28362953662872314,0.33802661299705505,0.26873502135276794,0.4372418522834778,0.3585750162601471,23.657894168394137,6.40761537920018,12.02048866764611,3.9340658643319957,17.682652478017253,4.445203282438022,22.836610429132428,5.08037694581176,21.916276568265065,4.774163154620375,35.08821756964136,7.613094700135477,29.654557156037207,5.436667774979713,1013.3443876169811,279.20052657979363,0.12659293413162231,0.07534942030906677,0.7754546999931335,0.4898187816143036,0.2514876493489603,0.2836657273231443,0.9842961654894047,133938.03125,9157.9111328125,14.62539102067767,0.9360016015806156,0.06399839841938434
Vol-39 La Fiesta De Buenos Aires,13 Olga.mp3,-203.1083526611328,84.15079498291016,171.69345092773438,38.02998352050781,-14.174187660217285,28.64251136779785,41.352291107177734,19.79511833190918,1.8552110195159912,13.372129440307617,-5.896327972412109,8.479421615600586,10.208523750305176,8.65947437286377,-6.4054718017578125,9.184198379516602,-7.668270111083984,7.736167907714844,4.831968784332275,7.360047817230225,-7.750545978546143,6.743215084075928,1.681438684463501,7.370622158050537,-1.410612940788269,7.277002811431885,0.0,5.820218563079834,2.416276956296315e-09,2.1417739391326904,1.2081384781481574e-09,2.787428855895996,0.0,1.817864179611206,6.418235942717843e-10,1.555467128753662,8.305952037268582e-10,1.1752865314483643,-7.550865488425984e-10,1.0929434299468994,-1.1326298787750488e-09,1.1496855020523071,-1.5101730976851968e-09,1.0185614824295044,6.040692390740787e-10,0.9874555468559265,-3.775432744212992e-10,0.9319376349449158,-5.663149116319488e-11,0.9970344305038452,3.397889469791693e-10,0.9536741971969604,0.31909218430519104,0.27215448021888733,0.41505125164985657,0.344711571931839,0.3034982979297638,0.27565720677375793,0.26814886927604675,0.2500728964805603,0.32296738028526306,0.319486141204834,0.3602295517921448,0.3064457178115845,0.42011764645576477,0.36061277985572815,0.3320539891719818,0.27506694197654724,0.4120189845561981,0.3397037386894226,0.3945866823196411,0.3444724977016449,0.2679348886013031,0.23609225451946259,0.29553648829460144,0.3065320551395416,16.468420091754062,5.978884612383412,11.456258188284277,4.035910455486765,16.73607953672843,4.343868368731467,19.30638259789256,4.210474403820199,19.080583464403446,3.4453331246791326,18.753887686479903,3.136441496951123,50.99120578307368,8.37648149547221,2217.538479855486,575.5892986703333,0.15846377611160278,0.07255937159061432,0.9908397793769836,0.6268985867500305,0.2498685963357593,0.28515079070378213,0.982818685669042,152339.625,9472.8857421875,16.081649155922513,0.9414576431776622,0.05854235682233774
Vol-39 La Fiesta De Buenos Aires,14 El Aeroplano.mp3,-244.15585327148438,74.92120361328125,202.537353515625,47.876060485839844,-20.260547637939453,29.98432159423828,1.3900092840194702,13.249820709228516,47.80836486816406,14.404719352722168,-0.8207371830940247,13.765568733215332,-17.01612663269043,10.378344535827637,2.901543140411377,8.200194358825684,-0.3772507607936859,9.941133499145508,-5.297421932220459,10.298501014709473,0.49409744143486023,10.041669845581055,0.4101756811141968,8.791518211364746,-3.1748197078704834,9.299063682556152,-2.6994761981313786e-09,6.579216957092285,-2.6994761981313786e-09,3.2304527759552,2.024607148598534e-09,3.5917344093322754,3.3743452476642233e-10,1.7009257078170776,6.748690495328447e-10,1.2962682247161865,-1.012303574299267e-09,1.8589677810668945,-6.748690495328447e-10,1.3484092950820923,6.748690495328447e-10,1.1976128816604614,2.066786519705488e-09,1.304946780204773,-2.5307589357481675e-10,1.2924447059631348,1.0966622054908726e-09,1.2743819952011108,-1.2653794678740837e-10,1.1744228601455688,-5.061517871496335e-10,1.1790791749954224,0.2874763011932373,0.29065752029418945,0.2922665476799011,0.26675617694854736,0.3409755527973175,0.32689476013183594,0.2595861256122589,0.2303232103586197,0.36562222242355347,0.31674253940582275,0.35454320907592773,0.3081103265285492,0.2879118323326111,0.23226986825466156,0.3450964093208313,0.3459637761116028,0.3425252437591553,0.2313063144683838,0.5361387133598328,0.38169240951538086,0.3685052692890167,0.2778668999671936,0.25938090682029724,0.26495298743247986,11.676184912641478,4.436375810308903,11.338187693177009,3.9175893235484724,18.007995901053924,4.498944346671523,20.574470055631203,4.7230896298630265,21.066047341789037,4.069832033946554,33.74338277524097,6.922489529781261,35.19539467587596,7.92628384570467,1080.268735705245,332.8993118754371,0.14248117804527283,0.06952012330293655,0.881300687789917,0.6219886541366577,0.22717631011655134,0.25942012376476625,0.9799203892083149,103151.0546875,11928.3359375,8.647564524337072,0.8963468969316155,0.10365310306838445
